12/31/12,3:52,7:25,17:34,0,yes
12/31/12,16:19,7:25,17:34,0,yes
1/1/13,4:32,7:25,17:35,0.03,no
1/1/13,16:56,7:25,17:35,0.03,yes
1/2/13,5:15,7:25,17:35,0.06,no
1/2/13,17:37,7:25,17:35,0.03,no
1/3/13,6:02,7:25,17:36,0.09,no
1/3/13,18:23,7:25,17:36,0.03,no
1/4/13,6:56,7:25,17:37,0.15,no
1/4/13,19:15,7:25,17:37,0.03,no
1/5/13,7:59,7:26,17:38,0.15,yes
1/5/13,20:15,7:26,17:38,0,no
1/6/13,9:08,7:26,17:38,0.12,yes
1/6/13,21:20,7:26,17:38,-0.06,no
1/7/13,10:15,7:26,17:39,0.06,yes
1/7/13,22:25,7:26,17:39,-0.12,no
1/8/13,11:18,7:26,17:40,-0.06,yes
1/8/13,23:27,7:26,17:40,-0.24,no
1/9/13,12:17,7:26,17:41,-0.18,yes
1/10/13,0:26,7:26,17:42,-0.34,no
1/10/13,13:13,7:26,17:42,-0.27,yes
1/11/13,1:23,7:26,17:43,-0.4,no
1/11/13,14:06,7:26,17:43,-0.37,yes
1/12/13,2:17,7:25,17:43,-0.43,no
1/12/13,14:57,7:25,17:43,-0.4,yes
1/13/13,3:09,7:25,17:44,-0.43,no
1/13/13,15:45,7:25,17:44,-0.4,yes
1/14/13,3:58,7:25,17:45,-0.34,no
1/14/13,16:31,7:25,17:45,-0.34,yes
1/15/13,4:46,7:25,17:46,-0.21,no
1/15/13,17:16,7:25,17:46,-0.24,yes
1/16/13,5:34,7:25,17:47,-0.09,no
1/16/13,18:01,7:25,17:47,-0.12,no
1/17/13,6:23,7:25,17:48,0.06,no
1/17/13,18:47,7:25,17:48,-0.03,no
1/18/13,7:16,7:24,17:49,0.21,no
1/18/13,19:37,7:24,17:49,0.09,no
1/19/13,8:15,7:24,17:50,0.3,yes
1/19/13,20:31,7:24,17:50,0.15,no
1/20/13,9:16,7:24,17:51,0.34,yes
1/20/13,21:27,7:24,17:51,0.15,no
1/21/13,10:14,7:23,17:52,0.34,yes
1/21/13,22:21,7:23,17:52,0.15,no
1/22/13,11:07,7:23,17:52,0.27,yes
1/22/13,23:12,7:23,17:52,0.09,no
1/23/13,11:55,7:23,17:53,0.21,yes
1/24/13,0:00,7:22,17:54,0.03,no
1/24/13,12:39,7:22,17:54,0.15,yes
1/25/13,0:46,7:22,17:55,-0.03,no
1/25/13,13:21,7:22,17:55,0.06,yes
1/26/13,1:30,7:21,17:56,-0.09,no
1/26/13,14:01,7:21,17:56,0,yes
1/27/13,2:12,7:21,17:57,-0.12,no
1/27/13,14:39,7:21,17:57,-0.06,yes
1/28/13,2:53,7:20,17:58,-0.15,no
1/28/13,15:17,7:20,17:58,-0.09,yes
1/29/13,3:33,7:20,17:59,-0.15,no
1/29/13,15:54,7:20,17:59,-0.12,yes
1/30/13,4:14,7:19,18:00,-0.12,no
1/30/13,16:32,7:19,18:00,-0.15,yes
1/31/13,4:57,7:18,18:01,-0.09,no
1/31/13,17:13,7:18,18:01,-0.12,yes
2/1/13,5:44,7:18,18:01,-0.03,no
2/1/13,17:59,7:18,18:01,-0.09,yes
2/2/13,6:37,7:17,18:02,0.03,no
2/2/13,18:50,7:17,18:02,-0.06,no
2/3/13,7:39,7:16,18:03,0.09,yes
2/3/13,19:51,7:16,18:03,-0.03,no
2/4/13,8:47,7:16,18:04,0.09,yes
2/4/13,20:59,7:16,18:04,-0.03,no
2/5/13,9:57,7:15,18:05,0.06,yes
2/5/13,22:08,7:15,18:05,-0.09,no
2/6/13,11:01,7:14,18:06,-0.03,yes
2/6/13,23:13,7:14,18:06,-0.18,no
2/7/13,12:00,7:13,18:07,-0.15,yes
2/8/13,0:13,7:13,18:08,-0.27,no
2/8/13,12:55,7:13,18:08,-0.27,yes
2/9/13,1:09,7:12,18:08,-0.37,no
2/9/13,13:47,7:12,18:08,-0.34,yes
2/10/13,2:02,7:11,18:09,-0.4,no
2/10/13,14:35,7:11,18:09,-0.4,yes
2/11/13,2:52,7:10,18:10,-0.37,no
2/11/13,15:20,7:10,18:10,-0.37,yes
2/12/13,3:38,7:09,18:11,-0.3,no
2/12/13,16:03,7:09,18:11,-0.34,yes
2/13/13,4:23,7:08,18:12,-0.21,no
2/13/13,16:44,7:08,18:12,-0.24,yes
2/14/13,5:06,7:07,18:13,-0.06,no
2/14/13,17:24,7:07,18:13,-0.12,yes
2/15/13,5:49,7:06,18:14,0.06,no
2/15/13,18:06,7:06,18:14,0,yes
2/16/13,6:34,7:05,18:14,0.21,no
2/16/13,18:50,7:05,18:14,0.12,no
2/17/13,7:25,7:04,18:15,0.34,yes
2/17/13,19:41,7:04,18:15,0.21,no
2/18/13,8:23,7:04,18:16,0.4,yes
2/18/13,20:39,7:04,18:16,0.24,no
2/19/13,9:25,7:03,18:17,0.4,yes
2/19/13,21:39,7:03,18:17,0.24,no
2/20/13,10:23,7:01,18:18,0.37,yes
2/20/13,22:35,7:01,18:18,0.18,no
2/21/13,11:15,7:00,18:18,0.27,yes
2/21/13,23:28,7:00,18:18,0.12,no
2/22/13,12:02,6:59,18:19,0.18,yes
2/23/13,0:17,6:58,18:20,0.03,no
2/23/13,12:47,6:58,18:20,0.06,yes
2/24/13,1:03,6:57,18:21,-0.06,no
2/24/13,13:29,6:57,18:21,-0.03,yes
2/25/13,1:48,6:56,18:21,-0.12,no
2/25/13,14:09,6:56,18:21,-0.09,yes
2/26/13,2:31,6:55,18:22,-0.18,no
2/26/13,14:49,6:55,18:22,-0.18,yes
2/27/13,3:14,6:54,18:23,-0.21,no
2/27/13,15:29,6:54,18:23,-0.21,yes
2/28/13,3:57,6:53,18:24,-0.21,no
2/28/13,16:10,6:53,18:24,-0.21,yes
3/1/13,4:42,6:52,18:24,-0.18,no
3/1/13,16:53,6:52,18:24,-0.18,yes
3/2/13,5:30,6:51,18:25,-0.12,no
3/2/13,17:40,6:51,18:25,-0.12,yes
3/3/13,6:23,6:49,18:26,-0.03,no
3/3/13,18:33,6:49,18:26,-0.06,no
3/4/13,7:24,6:48,18:27,0.06,yes
3/4/13,19:34,6:48,18:27,0,no
3/5/13,8:31,6:47,18:27,0.09,yes
3/5/13,20:44,6:47,18:27,0.03,no
3/6/13,9:40,6:46,18:28,0.06,yes
3/6/13,21:55,6:46,18:28,0,no
3/7/13,10:43,6:45,18:29,0,yes
3/7/13,23:01,6:45,18:29,-0.09,no
3/8/13,11:41,6:43,18:30,-0.12,yes
3/9/13,0:00,6:42,18:30,-0.15,no
3/9/13,12:34,6:42,18:30,-0.21,yes
3/10/13,0:55,6:41,18:31,-0.21,no
3/10/13,14:23,6:41,18:31,-0.27,yes
3/11/13,2:46,6:40,18:32,-0.24,no
3/11/13,15:09,6:40,18:32,-0.3,yes
3/12/13,3:33,6:39,18:32,-0.24,no
3/12/13,15:52,6:39,18:32,-0.27,yes
3/13/13,4:17,6:37,18:33,-0.21,no
3/13/13,16:33,6:37,18:33,-0.21,yes
3/14/13,4:59,6:36,18:34,-0.12,no
3/14/13,17:12,6:36,18:34,-0.12,yes
3/15/13,5:38,6:35,18:34,0,no
3/15/13,17:49,6:35,18:34,-0.03,yes
3/16/13,6:17,6:34,18:35,0.12,no
3/16/13,18:28,6:34,18:35,0.09,yes
3/17/13,6:57,6:32,18:36,0.21,yes
3/17/13,19:09,6:32,18:36,0.18,no
3/18/13,7:41,6:31,18:36,0.34,yes
3/18/13,19:55,6:31,18:36,0.27,no
3/19/13,8:32,6:30,18:37,0.4,yes
3/19/13,20:51,6:30,18:37,0.34,no
3/20/13,9:31,6:29,18:38,0.43,yes
3/20/13,21:53,6:29,18:38,0.37,no
3/21/13,10:33,6:27,18:38,0.4,yes
3/21/13,22:55,6:27,18:38,0.3,no
3/22/13,11:29,6:26,18:39,0.3,yes
3/22/13,23:52,6:26,18:39,0.21,no
3/23/13,12:20,6:25,18:40,0.21,yes
3/24/13,0:44,6:24,18:40,0.12,no
3/24/13,13:07,6:24,18:40,0.09,yes
3/25/13,1:34,6:22,18:41,0,no
3/25/13,13:52,6:22,18:41,-0.03,yes
3/26/13,2:21,6:21,18:42,-0.12,no
3/26/13,14:36,6:21,18:42,-0.12,yes
3/27/13,3:08,6:20,18:42,-0.18,no
3/27/13,15:20,6:20,18:42,-0.18,yes
3/28/13,3:55,6:18,18:43,-0.24,no
3/28/13,16:04,6:18,18:43,-0.24,yes
3/29/13,4:41,6:17,18:44,-0.24,no
3/29/13,16:49,6:17,18:44,-0.24,yes
3/30/13,5:28,6:16,18:44,-0.21,no
3/30/13,17:35,6:16,18:44,-0.21,yes
3/31/13,6:18,6:15,18:45,-0.15,yes
3/31/13,18:25,6:15,18:45,-0.12,yes
4/1/13,7:12,6:13,18:46,-0.06,yes
4/1/13,19:20,6:13,18:46,-0.03,no
4/2/13,8:11,6:12,18:46,0.03,yes
4/2/13,20:22,6:12,18:46,0.06,no
4/3/13,9:16,6:11,18:47,0.06,yes
4/3/13,21:32,6:11,18:47,0.09,no
4/4/13,10:21,6:10,18:48,0.06,yes
4/4/13,22:42,6:10,18:48,0.09,no
4/5/13,11:23,6:09,18:48,0,yes
4/5/13,23:47,6:09,18:48,0.03,no
4/6/13,12:18,6:07,18:49,-0.06,yes
4/7/13,0:45,6:06,18:50,-0.03,no
4/7/13,13:09,6:06,18:50,-0.12,yes
4/8/13,1:38,6:05,18:50,-0.09,no
4/8/13,13:57,6:05,18:50,-0.15,yes
4/9/13,2:27,6:04,18:51,-0.09,no
4/9/13,14:41,6:04,18:51,-0.18,yes
4/10/13,3:13,6:03,18:52,-0.09,no
4/10/13,15:23,6:03,18:52,-0.15,yes
4/11/13,3:55,6:01,18:52,-0.06,no
4/11/13,16:02,6:01,18:52,-0.09,yes
4/12/13,4:34,6:00,18:53,0,no
4/12/13,16:40,6:00,18:53,-0.03,yes
4/13/13,5:11,5:59,18:54,0.06,no
4/13/13,17:17,5:59,18:54,0.06,yes
4/14/13,5:48,5:58,18:54,0.15,no
4/14/13,17:54,5:58,18:54,0.15,yes
4/15/13,6:25,5:57,18:55,0.24,yes
4/15/13,18:34,5:57,18:55,0.24,yes
4/16/13,7:05,5:56,18:56,0.3,yes
4/16/13,19:18,5:56,18:56,0.34,no
4/17/13,7:51,5:54,18:56,0.37,yes
4/17/13,20:09,5:54,18:56,0.37,no
4/18/13,8:44,5:53,18:57,0.4,yes
4/18/13,21:09,5:53,18:57,0.4,no
4/19/13,9:42,5:52,18:58,0.37,yes
4/19/13,22:12,5:52,18:58,0.37,no
4/20/13,10:40,5:51,18:58,0.27,yes
4/20/13,23:13,5:51,18:58,0.27,no
4/21/13,11:34,5:50,18:59,0.18,yes
4/22/13,0:10,5:49,19:00,0.15,no
4/22/13,12:25,5:49,19:00,0.06,yes
4/23/13,1:03,5:48,19:00,0.03,no
4/23/13,13:15,5:48,19:00,-0.06,yes
4/24/13,1:55,5:47,19:01,-0.09,no
4/24/13,14:03,5:47,19:01,-0.15,yes
4/25/13,2:45,5:46,19:02,-0.18,no
4/25/13,14:52,5:46,19:02,-0.21,yes
4/26/13,3:35,5:45,19:02,-0.24,no
4/26/13,15:41,5:45,19:02,-0.27,yes
4/27/13,4:25,5:44,19:03,-0.27,no
4/27/13,16:30,5:44,19:03,-0.27,yes
4/28/13,5:15,5:43,19:04,-0.27,no
4/28/13,17:20,5:43,19:04,-0.21,yes
4/29/13,6:06,5:42,19:04,-0.21,yes
4/29/13,18:12,5:42,19:04,-0.15,yes
4/30/13,6:59,5:41,19:05,-0.12,yes
4/30/13,19:08,5:41,19:05,-0.03,no
5/1/13,7:56,5:40,19:06,-0.06,yes
5/1/13,20:10,5:40,19:06,0.06,no
5/2/13,8:57,5:39,19:06,0,yes
5/2/13,21:18,5:39,19:06,0.12,no
5/3/13,9:59,5:38,19:07,0,yes
5/3/13,22:26,5:38,19:07,0.15,no
5/4/13,10:58,5:37,19:08,-0.03,yes
5/4/13,23:30,5:37,19:08,0.12,no
5/5/13,11:51,5:37,19:08,-0.06,yes
5/6/13,0:26,5:36,19:09,0.09,no
5/6/13,12:41,5:36,19:09,-0.06,yes
5/7/13,1:18,5:35,19:10,0.06,no
5/7/13,13:27,5:35,19:10,-0.09,yes
5/8/13,2:05,5:34,19:11,0.03,no
5/8/13,14:11,5:34,19:11,-0.06,yes
5/9/13,2:49,5:33,19:11,0.03,no
5/9/13,14:52,5:33,19:11,-0.06,yes
5/10/13,3:31,5:33,19:12,0.03,no
5/10/13,15:32,5:33,19:12,0,yes
5/11/13,4:09,5:32,19:13,0.06,no
5/11/13,16:11,5:32,19:13,0.06,yes
5/12/13,4:46,5:31,19:13,0.09,no
5/12/13,16:49,5:31,19:13,0.12,yes
5/13/13,5:22,5:31,19:14,0.15,no
5/13/13,17:26,5:31,19:14,0.18,yes
5/14/13,5:58,5:30,19:15,0.21,yes
5/14/13,18:05,5:30,19:15,0.24,yes
5/15/13,6:36,5:29,19:15,0.24,yes
5/15/13,18:48,5:29,19:15,0.3,yes
5/16/13,7:18,5:29,19:16,0.27,yes
5/16/13,19:35,5:29,19:16,0.34,no
5/17/13,8:05,5:28,19:17,0.27,yes
5/17/13,20:31,5:28,19:17,0.37,no
5/18/13,8:58,5:27,19:17,0.24,yes
5/18/13,21:32,5:27,19:17,0.34,no
5/19/13,9:54,5:27,19:18,0.18,yes
5/19/13,22:35,5:27,19:18,0.27,no
5/20/13,10:51,5:26,19:19,0.09,yes
5/20/13,23:36,5:26,19:19,0.18,no
5/21/13,11:46,5:26,19:19,0,yes
5/22/13,0:33,5:25,19:20,0.06,no
5/22/13,12:40,5:25,19:20,-0.09,yes
5/23/13,1:28,5:25,19:21,-0.06,no
5/23/13,13:33,5:25,19:21,-0.18,yes
5/24/13,2:23,5:24,19:21,-0.18,no
5/24/13,14:27,5:24,19:21,-0.27,yes
5/25/13,3:16,5:24,19:22,-0.24,no
5/25/13,15:20,5:24,19:22,-0.3,yes
5/26/13,4:08,5:24,19:22,-0.3,no
5/26/13,16:13,5:24,19:22,-0.3,yes
5/27/13,4:59,5:23,19:23,-0.3,no
5/27/13,17:06,5:23,19:23,-0.27,yes
5/28/13,5:51,5:23,19:24,-0.27,yes
5/28/13,17:59,5:23,19:24,-0.18,yes
5/29/13,6:43,5:23,19:24,-0.21,yes
5/29/13,18:55,5:23,19:24,-0.06,yes
5/30/13,7:37,5:22,19:25,-0.15,yes
5/30/13,19:55,5:22,19:25,0.06,no
5/31/13,8:34,5:22,19:25,-0.09,yes
5/31/13,20:59,5:22,19:25,0.15,no
6/1/13,9:31,5:22,19:26,-0.06,yes
6/1/13,22:05,5:22,19:26,0.18,no
6/2/13,10:27,5:22,19:26,-0.03,yes
6/2/13,23:06,5:22,19:26,0.18,no
6/3/13,11:20,5:21,19:27,-0.03,yes
6/4/13,0:02,5:21,19:27,0.18,no
6/4/13,12:09,5:21,19:27,-0.03,yes
6/5/13,0:53,5:21,19:28,0.15,no
6/5/13,12:55,5:21,19:28,-0.03,yes
6/6/13,1:39,5:21,19:28,0.12,no
6/6/13,13:40,5:21,19:28,0,yes
6/7/13,2:23,5:21,19:29,0.12,no
6/7/13,14:22,5:21,19:29,0,yes
6/8/13,3:05,5:21,19:29,0.09,no
6/8/13,15:04,5:21,19:29,0.03,yes
6/9/13,3:44,5:21,19:30,0.09,no
6/9/13,15:44,5:21,19:30,0.06,yes
6/10/13,4:21,5:21,19:30,0.12,no
6/10/13,16:23,5:21,19:30,0.09,yes
6/11/13,4:57,5:21,19:31,0.12,no
6/11/13,17:01,5:21,19:31,0.15,yes
6/12/13,5:33,5:21,19:31,0.15,yes
6/12/13,17:41,5:21,19:31,0.18,yes
6/13/13,6:09,5:21,19:31,0.15,yes
6/13/13,18:22,5:21,19:31,0.24,yes
6/14/13,6:49,5:21,19:32,0.15,yes
6/14/13,19:07,5:21,19:32,0.27,yes
6/15/13,7:32,5:21,19:32,0.15,yes
6/15/13,19:59,5:21,19:32,0.3,no
6/16/13,8:20,5:21,19:32,0.12,yes
6/16/13,20:58,5:21,19:32,0.3,no
6/17/13,9:15,5:21,19:33,0.09,yes
6/17/13,22:02,5:21,19:33,0.24,no
6/18/13,10:13,5:21,19:33,0.03,yes
6/18/13,23:05,5:21,19:33,0.15,no
6/19/13,11:12,5:22,19:33,-0.06,yes
6/20/13,0:06,5:22,19:33,0.06,no
6/20/13,12:10,5:22,19:33,-0.15,yes
6/21/13,1:04,5:22,19:33,-0.06,no
6/21/13,13:08,5:22,19:33,-0.24,yes
6/22/13,2:01,5:22,19:34,-0.18,no
6/22/13,14:05,5:22,19:34,-0.3,yes
6/23/13,2:56,5:22,19:34,-0.27,no
6/23/13,15:02,5:22,19:34,-0.34,yes
6/24/13,3:50,5:23,19:34,-0.34,no
6/24/13,15:57,5:23,19:34,-0.34,yes
6/25/13,4:42,5:23,19:34,-0.34,no
6/25/13,16:51,5:23,19:34,-0.3,yes
6/26/13,5:32,5:23,19:34,-0.34,yes
6/26/13,17:44,5:23,19:34,-0.21,yes
6/27/13,6:22,5:24,19:34,-0.27,yes
6/27/13,18:38,5:24,19:34,-0.09,yes
6/28/13,7:13,5:24,19:34,-0.21,yes
6/28/13,19:34,5:24,19:34,0.06,no
6/29/13,8:05,5:24,19:34,-0.12,yes
6/29/13,20:34,5:24,19:34,0.15,no
6/30/13,8:58,5:25,19:34,-0.03,yes
6/30/13,21:36,5:25,19:34,0.24,no
7/1/13,9:53,5:25,19:34,0,yes
7/1/13,22:37,5:25,19:34,0.27,no
7/2/13,10:46,5:26,19:34,0.03,yes
7/2/13,23:33,5:26,19:34,0.27,no
7/3/13,11:36,5:26,19:34,0.06,yes
7/4/13,0:23,5:27,19:34,0.24,no
7/4/13,12:23,5:27,19:34,0.06,yes
7/5/13,1:10,5:27,19:34,0.21,no
7/5/13,13:09,5:27,19:34,0.06,yes
7/6/13,1:54,5:27,19:34,0.18,no
7/6/13,13:53,5:27,19:34,0.06,yes
7/7/13,2:36,5:28,19:33,0.15,no
7/7/13,14:37,5:28,19:33,0.06,yes
7/8/13,3:16,5:28,19:33,0.12,no
7/8/13,15:18,5:28,19:33,0.06,yes
7/9/13,3:54,5:29,19:33,0.12,no
7/9/13,15:59,5:29,19:33,0.09,yes
7/10/13,4:30,5:29,19:33,0.09,no
7/10/13,16:38,5:29,19:33,0.09,yes
7/11/13,5:06,5:30,19:32,0.09,no
7/11/13,17:18,5:30,19:32,0.15,yes
7/12/13,5:42,5:31,19:32,0.06,yes
7/12/13,17:59,5:31,19:32,0.18,yes
7/13/13,6:21,5:31,19:32,0.06,yes
7/13/13,18:44,5:31,19:32,0.21,yes
7/14/13,7:02,5:32,19:31,0.06,yes
7/14/13,19:34,5:32,19:31,0.24,no
7/15/13,7:49,5:32,19:31,0.06,yes
7/15/13,20:31,5:32,19:31,0.24,no
7/16/13,8:43,5:33,19:31,0.03,yes
7/16/13,21:35,5:33,19:31,0.24,no
7/17/13,9:43,5:33,19:30,0,yes
7/17/13,22:40,5:33,19:30,0.18,no
7/18/13,10:46,5:34,19:30,-0.06,yes
7/18/13,23:43,5:34,19:30,0.09,no
7/19/13,11:49,5:35,19:29,-0.12,yes
7/20/13,0:44,5:35,19:29,-0.03,no
7/20/13,12:49,5:35,19:29,-0.21,yes
7/21/13,1:41,5:36,19:28,-0.12,no
7/21/13,13:48,5:36,19:28,-0.27,yes
7/22/13,2:37,5:36,19:28,-0.24,no
7/22/13,14:46,5:36,19:28,-0.3,yes
7/23/13,3:30,5:37,19:27,-0.3,no
7/23/13,15:41,5:37,19:27,-0.3,yes
7/24/13,4:20,5:38,19:26,-0.34,no
7/24/13,16:34,5:38,19:26,-0.27,yes
7/25/13,5:09,5:38,19:26,-0.3,no
7/25/13,17:25,5:38,19:26,-0.18,yes
7/26/13,5:56,5:39,19:25,-0.24,yes
7/26/13,18:16,5:39,19:25,-0.03,yes
7/27/13,6:43,5:40,19:25,-0.15,yes
7/27/13,19:08,5:40,19:25,0.09,yes
7/28/13,7:31,5:40,19:24,-0.06,yes
7/28/13,20:02,5:40,19:24,0.24,no
7/29/13,8:21,5:41,19:23,0.06,yes
7/29/13,21:00,5:41,19:23,0.34,no
7/30/13,9:14,5:41,19:22,0.12,yes
7/30/13,22:00,5:41,19:22,0.4,no
7/31/13,10:08,5:42,19:22,0.18,yes
7/31/13,22:57,5:42,19:22,0.4,no
8/1/13,11:01,5:43,19:21,0.18,yes
8/1/13,23:49,5:43,19:21,0.37,no
8/2/13,11:51,5:43,19:20,0.18,yes
8/3/13,0:36,5:44,19:19,0.34,no
8/3/13,12:39,5:44,19:19,0.15,yes
8/4/13,1:21,5:45,19:18,0.27,no
8/4/13,13:25,5:45,19:18,0.12,yes
8/5/13,2:03,5:45,19:17,0.21,no
8/5/13,14:09,5:45,19:17,0.09,yes
8/6/13,2:44,5:46,19:17,0.15,no
8/6/13,14:53,5:46,19:17,0.09,yes
8/7/13,3:23,5:47,19:16,0.12,no
8/7/13,15:35,5:47,19:16,0.09,yes
8/8/13,4:01,5:47,19:15,0.09,no
8/8/13,16:16,5:47,19:15,0.09,yes
8/9/13,4:38,5:48,19:14,0.06,no
8/9/13,16:57,5:48,19:14,0.09,yes
8/10/13,5:15,5:49,19:13,0.03,no
8/10/13,17:39,5:49,19:13,0.12,yes
8/11/13,5:54,5:49,19:12,0.03,yes
8/11/13,18:24,5:49,19:12,0.18,yes
8/12/13,6:37,5:50,19:11,0.03,yes
8/12/13,19:14,5:50,19:11,0.21,no
8/13/13,7:24,5:50,19:10,0.06,yes
8/13/13,20:10,5:50,19:10,0.24,no
8/14/13,8:19,5:51,19:09,0.06,yes
8/14/13,21:14,5:51,19:09,0.24,no
8/15/13,9:22,5:52,19:08,0.06,yes
8/15/13,22:21,5:52,19:08,0.21,no
8/16/13,10:28,5:52,19:07,0.03,yes
8/16/13,23:25,5:52,19:07,0.12,no
8/17/13,11:33,5:53,19:06,-0.03,yes
8/18/13,0:25,5:54,19:05,0.03,no
8/18/13,12:35,5:54,19:05,-0.12,yes
8/19/13,1:22,5:54,19:04,-0.09,no
8/19/13,13:34,5:54,19:04,-0.18,yes
8/20/13,2:16,5:55,19:02,-0.18,no
8/20/13,14:31,5:55,19:02,-0.21,yes
8/21/13,3:07,5:55,19:01,-0.24,no
8/21/13,15:24,5:55,19:01,-0.21,yes
8/22/13,3:56,5:56,19:00,-0.24,no
8/22/13,16:15,5:56,19:00,-0.15,yes
8/23/13,4:42,5:57,18:59,-0.21,no
8/23/13,17:04,5:57,18:59,-0.06,yes
8/24/13,5:27,5:57,18:58,-0.15,no
8/24/13,17:51,5:57,18:58,0.06,yes
8/25/13,6:11,5:58,18:57,-0.03,yes
8/25/13,18:38,5:58,18:57,0.18,yes
8/26/13,6:55,5:58,18:56,0.09,yes
8/26/13,19:27,5:58,18:56,0.34,no
8/27/13,7:41,5:59,18:54,0.18,yes
8/27/13,20:19,5:59,18:54,0.43,no
8/28/13,8:31,6:00,18:53,0.27,yes
8/28/13,21:16,6:00,18:53,0.52,no
8/29/13,9:26,6:00,18:52,0.34,yes
8/29/13,22:14,6:00,18:52,0.52,no
8/30/13,10:22,6:01,18:51,0.34,yes
8/30/13,23:09,6:01,18:51,0.49,no
8/31/13,11:16,6:01,18:50,0.3,yes
8/31/13,23:58,6:01,18:50,0.43,no
9/1/13,12:07,6:02,18:48,0.27,yes
9/2/13,0:44,6:03,18:47,0.34,no
9/2/13,12:55,6:03,18:47,0.21,yes
9/3/13,1:27,6:03,18:46,0.27,no
9/3/13,13:41,6:03,18:46,0.15,yes
9/4/13,2:08,6:04,18:45,0.18,no
9/4/13,14:26,6:04,18:45,0.12,yes
9/5/13,2:49,6:04,18:43,0.12,no
9/5/13,15:10,6:04,18:43,0.09,yes
9/6/13,3:29,6:05,18:42,0.06,no
9/6/13,15:53,6:05,18:42,0.06,yes
9/7/13,4:08,6:06,18:41,0.03,no
9/7/13,16:36,6:06,18:41,0.09,yes
9/8/13,4:48,6:06,18:39,0.03,no
9/8/13,17:20,6:06,18:39,0.09,yes
9/9/13,5:30,6:07,18:38,0.03,no
9/9/13,18:07,6:07,18:38,0.15,yes
9/10/13,6:15,6:07,18:37,0.06,yes
9/10/13,18:58,6:07,18:37,0.21,no
9/11/13,7:05,6:08,18:36,0.09,yes
9/11/13,19:54,6:08,18:36,0.24,no
9/12/13,8:02,6:09,18:34,0.12,yes
9/12/13,20:58,6:09,18:34,0.27,no
9/13/13,9:07,6:09,18:33,0.15,yes
9/13/13,22:04,6:09,18:33,0.24,no
9/14/13,10:16,6:10,18:32,0.12,yes
9/14/13,23:08,6:10,18:32,0.18,no
9/15/13,11:22,6:10,18:30,0.06,yes
9/16/13,0:07,6:11,18:29,0.06,no
9/16/13,12:24,6:11,18:29,0,yes
9/17/13,1:02,6:11,18:28,-0.03,no
9/17/13,13:21,6:11,18:28,-0.06,yes
9/18/13,1:53,6:12,18:27,-0.09,no
9/18/13,14:15,6:12,18:27,-0.09,yes
9/19/13,2:42,6:13,18:25,-0.15,no
9/19/13,15:07,6:13,18:25,-0.09,yes
9/20/13,3:29,6:13,18:24,-0.15,no
9/20/13,15:55,6:13,18:24,-0.03,yes
9/21/13,4:13,6:14,18:23,-0.09,no
9/21/13,16:41,6:14,18:23,0.06,yes
9/22/13,4:56,6:14,18:21,-0.03,no
9/22/13,17:25,6:14,18:21,0.15,yes
9/23/13,5:37,6:15,18:20,0.09,no
9/23/13,18:07,6:15,18:20,0.27,yes
9/24/13,6:18,6:16,18:19,0.21,yes
9/24/13,18:50,6:16,18:19,0.4,no
9/25/13,7:01,6:16,18:17,0.3,yes
9/25/13,19:36,6:16,18:17,0.49,no
9/26/13,7:48,6:17,18:16,0.4,yes
9/26/13,20:28,6:17,18:16,0.55,no
9/27/13,8:42,6:17,18:15,0.46,yes
9/27/13,21:24,6:17,18:15,0.58,no
9/28/13,9:40,6:18,18:14,0.49,yes
9/28/13,22:21,6:18,18:14,0.55,no
9/29/13,10:38,6:19,18:12,0.46,yes
9/29/13,23:14,6:19,18:12,0.49,no
9/30/13,11:33,6:19,18:11,0.37,yes
10/1/13,0:02,6:20,18:10,0.4,no
10/1/13,12:23,6:20,18:10,0.3,yes
10/2/13,0:47,6:21,18:09,0.27,no
10/2/13,13:11,6:21,18:09,0.21,yes
10/3/13,1:31,6:21,18:07,0.18,no
10/3/13,13:58,6:21,18:07,0.15,yes
10/4/13,2:14,6:22,18:06,0.09,no
10/4/13,14:45,6:22,18:06,0.09,yes
10/5/13,2:57,6:22,18:05,0.03,no
10/5/13,15:31,6:22,18:05,0.03,yes
10/6/13,3:40,6:23,18:04,0,no
10/6/13,16:17,6:23,18:04,0.03,yes
10/7/13,4:24,6:24,18:02,-0.03,no
10/7/13,17:03,6:24,18:02,0.03,yes
10/8/13,5:10,6:24,18:01,0,no
10/8/13,17:52,6:24,18:01,0.09,yes
10/9/13,5:58,6:25,18:00,0.03,no
10/9/13,18:44,6:25,18:00,0.15,no
10/10/13,6:50,6:26,17:59,0.09,yes
10/10/13,19:40,6:26,17:59,0.21,no
10/11/13,7:49,6:26,17:58,0.15,yes
10/11/13,20:43,6:26,17:58,0.24,no
10/12/13,8:55,6:27,17:56,0.21,yes
10/12/13,21:47,6:27,17:56,0.21,no
10/13/13,10:05,6:28,17:55,0.21,yes
10/13/13,22:50,6:28,17:55,0.15,no
10/14/13,11:11,6:29,17:54,0.15,yes
10/14/13,23:47,6:29,17:54,0.06,no
10/15/13,12:12,6:29,17:53,0.09,yes
10/16/13,0:40,6:30,17:52,0,no
10/16/13,13:08,6:30,17:52,0.06,yes
10/17/13,1:30,6:31,17:51,-0.06,no
10/17/13,13:59,6:31,17:51,0.03,yes
10/18/13,2:17,6:31,17:50,-0.09,no
10/18/13,14:48,6:31,17:50,0.03,yes
10/19/13,3:02,6:32,17:49,-0.06,no
10/19/13,15:34,6:32,17:49,0.06,yes
10/20/13,3:44,6:33,17:48,-0.03,no
10/20/13,16:17,6:33,17:48,0.12,yes
10/21/13,4:25,6:34,17:46,0.06,no
10/21/13,16:58,6:34,17:46,0.18,yes
10/22/13,5:05,6:34,17:45,0.15,no
10/22/13,17:37,6:34,17:45,0.27,yes
10/23/13,5:44,6:35,17:44,0.24,no
10/23/13,18:16,6:35,17:44,0.37,no
10/24/13,6:24,6:36,17:43,0.34,no
10/24/13,18:57,6:36,17:43,0.46,no
10/25/13,7:08,6:37,17:42,0.43,yes
10/25/13,19:42,6:37,17:42,0.52,no
10/26/13,7:58,6:37,17:41,0.49,yes
10/26/13,20:33,6:37,17:41,0.52,no
10/27/13,8:54,6:38,17:41,0.52,yes
10/27/13,21:28,6:38,17:41,0.52,no
10/28/13,9:55,6:39,17:40,0.49,yes
10/28/13,22:24,6:39,17:40,0.46,no
10/29/13,10:54,6:40,17:39,0.43,yes
10/29/13,23:16,6:40,17:39,0.34,no
10/30/13,11:49,6:40,17:38,0.34,yes
10/31/13,0:05,6:41,17:37,0.24,no
10/31/13,12:40,6:41,17:37,0.21,yes
11/1/13,0:53,6:42,17:36,0.12,no
11/1/13,13:31,6:42,17:36,0.12,yes
11/2/13,1:40,6:43,17:35,0.03,no
11/2/13,14:20,6:43,17:35,0.03,yes
11/3/13,1:27,6:44,17:34,-0.06,no
11/3/13,14:09,6:44,17:34,-0.03,yes
11/4/13,2:15,6:45,17:34,-0.12,no
11/4/13,14:58,6:45,17:34,-0.09,yes
11/5/13,3:03,6:45,17:33,-0.12,no
11/5/13,15:47,6:45,17:33,-0.09,yes
11/6/13,3:53,6:46,17:32,-0.12,no
11/6/13,16:37,6:46,17:32,-0.06,yes
11/7/13,4:43,6:47,17:32,-0.06,no
11/7/13,17:29,6:47,17:32,0,yes
11/8/13,5:37,6:48,17:31,0,no
11/8/13,18:25,6:48,17:31,0.06,no
11/9/13,6:37,6:49,17:30,0.09,no
11/9/13,19:24,6:49,17:30,0.09,no
11/10/13,7:42,6:50,17:30,0.18,yes
11/10/13,20:26,6:50,17:30,0.09,no
11/11/13,8:51,6:50,17:29,0.21,yes
11/11/13,21:27,6:50,17:29,0.06,no
11/12/13,9:57,6:51,17:28,0.18,yes
11/12/13,22:24,6:51,17:28,0.03,no
11/13/13,10:57,6:52,17:28,0.15,yes
11/13/13,23:16,6:52,17:28,-0.03,no
11/14/13,11:51,6:53,17:27,0.12,yes
11/15/13,0:05,6:54,17:27,-0.06,no
11/15/13,12:42,6:54,17:27,0.09,yes
11/16/13,0:51,6:55,17:26,-0.06,no
11/16/13,13:29,6:55,17:26,0.06,yes
11/17/13,1:35,6:56,17:26,-0.03,no
11/17/13,14:12,6:56,17:26,0.09,yes
11/18/13,2:17,6:57,17:25,0,no
11/18/13,14:54,6:57,17:25,0.12,yes
11/19/13,2:58,6:57,17:25,0.03,no
11/19/13,15:32,6:57,17:25,0.15,yes
11/20/13,3:36,6:58,17:25,0.12,no
11/20/13,16:09,6:58,17:25,0.21,yes
11/21/13,4:14,6:59,17:24,0.18,no
11/21/13,16:45,6:59,17:24,0.27,yes
11/22/13,4:53,7:00,17:24,0.24,no
11/22/13,17:22,7:00,17:24,0.3,yes
11/23/13,5:34,7:01,17:24,0.3,no
11/23/13,18:02,7:01,17:24,0.37,no
11/24/13,6:19,7:02,17:23,0.4,no
11/24/13,18:47,7:02,17:23,0.37,no
11/25/13,7:11,7:03,17:23,0.43,yes
11/25/13,19:37,7:03,17:23,0.37,no
11/26/13,8:09,7:03,17:23,0.43,yes
11/26/13,20:33,7:03,17:23,0.3,no
11/27/13,9:12,7:04,17:23,0.4,yes
11/27/13,21:29,7:04,17:23,0.24,no
11/28/13,10:12,7:05,17:23,0.3,yes
11/28/13,22:24,7:05,17:23,0.15,no
11/29/13,11:09,7:06,17:23,0.18,yes
11/29/13,23:17,7:06,17:23,0.03,no
11/30/13,12:04,7:07,17:23,0.06,yes
12/1/13,0:10,7:08,17:22,-0.09,no
12/1/13,12:57,7:08,17:22,-0.06,yes
12/2/13,1:02,7:08,17:22,-0.18,no
12/2/13,13:49,7:08,17:22,-0.15,yes
12/3/13,1:54,7:09,17:22,-0.24,no
12/3/13,14:40,7:09,17:22,-0.21,yes
12/4/13,2:46,7:10,17:22,-0.3,no
12/4/13,15:31,7:10,17:22,-0.24,yes
12/5/13,3:38,7:11,17:23,-0.27,no
12/5/13,16:21,7:11,17:23,-0.24,yes
12/6/13,4:30,7:11,17:23,-0.24,no
12/6/13,17:12,7:11,17:23,-0.21,yes
12/7/13,5:24,7:12,17:23,-0.15,no
12/7/13,18:05,7:12,17:23,-0.15,no
12/8/13,6:21,7:13,17:23,-0.03,no
12/8/13,19:01,7:13,17:23,-0.09,no
12/9/13,7:23,7:14,17:23,0.09,yes
12/9/13,19:59,7:14,17:23,-0.03,no
12/10/13,8:30,7:14,17:23,0.15,yes
12/10/13,20:59,7:14,17:23,0,no
12/11/13,9:36,7:15,17:24,0.18,yes
12/11/13,21:56,7:15,17:24,0,no
12/12/13,10:37,7:16,17:24,0.18,yes
12/12/13,22:50,7:16,17:24,-0.03,no
12/13/13,11:32,7:16,17:24,0.15,yes
12/13/13,23:39,7:16,17:24,-0.03,no
12/14/13,12:21,7:17,17:24,0.12,yes
12/15/13,0:26,7:17,17:24,-0.06,no
12/15/13,13:07,7:18,17:25,0.09,yes
12/16/13,1:10,7:18,17:25,-0.06,no
12/16/13,13:50,7:18,17:25,0.06,yes
12/17/13,1:53,7:18,17:25,-0.03,no
12/17/13,14:30,7:19,17:26,0.06,yes
12/18/13,2:33,7:19,17:26,-0.03,no
12/18/13,15:07,7:19,17:26,0.09,yes
12/19/13,3:12,7:19,17:26,0,no
12/19/13,15:42,7:20,17:27,0.09,yes
12/20/13,3:49,7:20,17:27,0.06,no
12/20/13,16:17,7:21,17:27,0.12,yes
12/21/13,4:26,7:21,17:27,0.12,no
12/21/13,16:52,7:21,17:27,0.15,yes
12/22/13,5:05,7:21,17:27,0.15,no
12/22/13,17:28,7:22,17:28,0.15,no
12/23/13,5:46,7:22,17:28,0.21,no
12/23/13,18:08,7:22,17:29,0.18,no
12/24/13,6:34,7:22,17:29,0.27,no
12/24/13,18:53,7:22,17:29,0.18,no
12/25/13,7:29,7:22,17:29,0.3,yes
12/25/13,19:46,7:23,17:30,0.15,no
12/26/13,8:31,7:23,17:30,0.3,yes
12/26/13,20:44,7:23,17:30,0.12,no
12/27/13,9:36,7:23,17:30,0.24,yes
12/27/13,21:46,7:24,17:31,0.06,no
12/28/13,10:39,7:24,17:31,0.12,yes
12/28/13,22:46,7:24,17:32,-0.06,no
12/29/13,11:39,7:24,17:32,0,yes
12/29/13,23:44,7:24,17:32,-0.18,no
12/30/13,12:35,7:24,17:32,-0.12,yes
12/31/13,0:41,7:24,17:33,-0.27,no
12/31/13,13:30,7:24,17:33,-0.24,yes
1/1/14,1:38,7:25,17:34,-0.4,no
1/1/14,14:23,7:25,17:34,-0.37,yes
1/2/14,2:32,7:25,17:35,-0.46,no
1/2/14,15:14,7:25,17:35,-0.43,yes
1/3/14,3:25,7:25,17:35,-0.46,no
1/3/14,16:04,7:25,17:35,-0.43,yes
1/4/14,4:16,7:25,17:36,-0.4,no
1/4/14,16:53,7:25,17:36,-0.4,yes
1/5/14,5:09,7:25,17:37,-0.27,no
1/5/14,17:43,7:25,17:37,-0.3,no
1/6/14,6:03,7:26,17:38,-0.15,no
1/6/14,18:35,7:26,17:38,-0.21,no
1/7/14,7:00,7:26,17:38,0,no
1/7/14,19:29,7:26,17:38,-0.12,no
1/8/14,8:03,7:26,17:39,0.12,yes
1/8/14,20:27,7:26,17:39,-0.03,no
1/9/14,9:08,7:26,17:40,0.18,yes
1/9/14,21:26,7:26,17:40,0,no
1/10/14,10:11,7:26,17:41,0.21,yes
1/10/14,22:21,7:26,17:42,0.03,no
1/11/14,11:07,7:26,17:42,0.18,yes
1/11/14,23:13,7:26,17:43,0,no
1/12/14,11:57,7:26,17:43,0.15,yes
1/13/14,0:01,7:25,17:43,-0.03,no
1/13/14,12:42,7:25,17:43,0.09,yes
1/14/14,0:47,7:25,17:44,-0.06,no
1/14/14,13:25,7:25,17:44,0.06,yes
1/15/14,1:30,7:25,17:45,-0.06,no
1/15/14,14:04,7:25,17:45,0.03,yes
1/16/14,2:10,7:25,17:46,-0.09,no
1/16/14,14:41,7:25,17:46,0,yes
1/17/14,2:49,7:25,17:47,-0.06,no
1/17/14,15:16,7:25,17:47,0,yes
1/18/14,3:27,7:25,17:48,-0.06,no
1/18/14,15:50,7:25,17:48,0,yes
1/19/14,4:04,7:24,17:49,0,no
1/19/14,16:24,7:24,17:49,0,yes
1/20/14,4:42,7:24,17:50,0.03,no
1/20/14,16:59,7:24,17:50,0.03,yes
1/21/14,5:22,7:24,17:51,0.09,no
1/21/14,17:37,7:24,17:51,0.03,yes
1/22/14,6:06,7:23,17:52,0.12,no
1/22/14,18:21,7:23,17:52,0.06,no
1/23/14,6:59,7:23,17:52,0.18,no
1/23/14,19:11,7:23,17:52,0.06,no
1/24/14,8:00,7:23,17:53,0.18,yes
1/24/14,20:11,7:22,17:54,0.06,no
1/25/14,9:07,7:22,17:54,0.18,yes
1/25/14,21:17,7:22,17:55,0,no
1/26/14,10:14,7:22,17:55,0.09,yes
1/26/14,22:23,7:21,17:56,-0.09,no
1/27/14,11:17,7:21,17:56,-0.03,yes
1/27/14,23:26,7:21,17:57,-0.21,no
1/28/14,12:16,7:21,17:57,-0.18,yes
1/29/14,0:26,7:20,17:58,-0.34,no
1/29/14,13:11,7:20,17:58,-0.3,yes
1/30/14,1:23,7:20,17:59,-0.43,no
1/30/14,14:04,7:20,17:59,-0.43,yes
1/31/14,2:17,7:19,18:00,-0.49,no
1/31/14,14:54,7:19,18:00,-0.49,yes
2/1/14,3:10,7:18,18:01,-0.52,no
2/1/14,15:42,7:18,18:01,-0.49,yes
2/2/14,4:00,7:18,18:01,-0.46,no
2/2/14,16:29,7:18,18:01,-0.46,yes
2/3/14,4:50,7:17,18:02,-0.34,no
2/3/14,17:16,7:17,18:02,-0.37,yes
2/4/14,5:40,7:16,18:03,-0.18,no
2/4/14,18:04,7:16,18:03,-0.24,no
2/5/14,6:33,7:16,18:04,0,no
2/5/14,18:55,7:16,18:04,-0.09,no
2/6/14,7:30,7:15,18:05,0.15,yes
2/6/14,19:50,7:15,18:05,0.03,no
2/7/14,8:33,7:14,18:06,0.24,yes
2/7/14,20:48,7:14,18:06,0.09,no
2/8/14,9:36,7:13,18:07,0.27,yes
2/8/14,21:47,7:13,18:08,0.12,no
2/9/14,10:34,7:13,18:08,0.27,yes
2/9/14,22:43,7:12,18:08,0.12,no
2/10/14,11:26,7:12,18:08,0.21,yes
2/10/14,23:33,7:11,18:09,0.06,no
2/11/14,12:12,7:11,18:09,0.15,yes
2/12/14,0:20,7:10,18:10,0.03,no
2/12/14,12:54,7:10,18:10,0.09,yes
2/13/14,1:05,7:09,18:11,-0.03,no
2/13/14,13:34,7:09,18:11,0.03,yes
2/14/14,1:46,7:08,18:12,-0.06,no
2/14/14,14:11,7:08,18:12,0,yes
2/15/14,2:26,7:07,18:13,-0.09,no
2/15/14,14:47,7:07,18:13,-0.06,yes
2/16/14,3:05,7:06,18:14,-0.09,no
2/16/14,15:22,7:06,18:14,-0.06,yes
2/17/14,3:43,7:05,18:14,-0.09,no
2/17/14,15:56,7:05,18:14,-0.06,yes
2/18/14,4:21,7:04,18:15,-0.06,no
2/18/14,16:32,7:04,18:15,-0.06,yes
2/19/14,5:01,7:04,18:16,0,no
2/19/14,17:11,7:04,18:16,-0.03,yes
2/20/14,5:45,7:03,18:17,0.03,no
2/20/14,17:54,7:03,18:17,0,yes
2/21/14,6:36,7:01,18:18,0.09,no
2/21/14,18:44,7:01,18:18,0.03,no
2/22/14,7:35,7:00,18:18,0.15,yes
2/22/14,19:45,7:00,18:18,0.03,no
2/23/14,8:43,6:59,18:19,0.15,yes
2/23/14,20:53,6:58,18:20,0.03,no
2/24/14,9:52,6:58,18:20,0.09,yes
2/24/14,22:04,6:57,18:21,-0.06,no
2/25/14,10:56,6:57,18:21,-0.03,yes
2/25/14,23:10,6:56,18:21,-0.15,no
2/26/14,11:55,6:56,18:21,-0.18,yes
2/27/14,0:11,6:55,18:22,-0.27,no
2/27/14,12:50,6:55,18:22,-0.3,yes
2/28/14,1:08,6:54,18:23,-0.37,no
2/28/14,13:42,6:54,18:23,-0.4,yes
3/1/14,2:02,6:53,18:24,-0.43,no
3/1/14,14:31,6:53,18:24,-0.46,yes
3/2/14,2:53,6:52,18:24,-0.43,no
3/2/14,15:18,6:52,18:24,-0.46,yes
3/3/14,3:42,6:51,18:25,-0.4,no
3/3/14,16:04,6:51,18:25,-0.4,yes
3/4/14,4:30,6:49,18:26,-0.27,no
3/4/14,16:48,6:49,18:26,-0.27,yes
3/5/14,5:16,6:48,18:27,-0.12,no
3/5/14,17:33,6:48,18:27,-0.15,yes
3/6/14,6:04,6:47,18:27,0.03,no
3/6/14,18:19,6:47,18:27,0,yes
3/7/14,6:54,6:46,18:28,0.18,yes
3/7/14,19:10,6:46,18:28,0.15,no
3/8/14,7:51,6:45,18:29,0.3,yes
3/8/14,20:06,6:45,18:29,0.24,no
3/9/14,9:52,6:43,18:30,0.37,yes
3/9/14,22:07,6:42,18:30,0.27,no
3/10/14,10:52,6:42,18:30,0.37,yes
3/10/14,23:07,6:41,18:31,0.24,no
3/11/14,11:46,6:41,18:31,0.3,yes
3/12/14,0:01,6:40,18:32,0.21,no
3/12/14,12:33,6:40,18:32,0.24,yes
3/13/14,0:50,6:39,18:32,0.12,no
3/13/14,13:17,6:39,18:32,0.15,yes
3/14/14,1:36,6:37,18:33,0.06,no
3/14/14,13:58,6:37,18:33,0.09,yes
3/15/14,2:19,6:36,18:34,0,no
3/15/14,14:37,6:36,18:34,0,yes
3/16/14,3:01,6:35,18:34,-0.06,no
3/16/14,15:15,6:35,18:34,-0.03,yes
3/17/14,3:42,6:34,18:35,-0.09,no
3/17/14,15:52,6:34,18:35,-0.06,yes
3/18/14,4:22,6:32,18:36,-0.09,no
3/18/14,16:30,6:32,18:36,-0.09,yes
3/19/14,5:02,6:31,18:36,-0.09,no
3/19/14,17:08,6:31,18:36,-0.09,yes
3/20/14,5:44,6:30,18:37,-0.06,no
3/20/14,17:49,6:30,18:37,-0.06,yes
3/21/14,6:29,6:29,18:38,0,no
3/21/14,18:34,6:29,18:38,-0.03,yes
3/22/14,7:20,6:27,18:38,0.06,yes
3/22/14,19:26,6:27,18:38,0.03,no
3/23/14,8:19,6:26,18:39,0.12,yes
3/23/14,20:28,6:26,18:39,0.09,no
3/24/14,9:24,6:25,18:40,0.12,yes
3/24/14,21:37,6:24,18:40,0.09,no
3/25/14,10:32,6:24,18:40,0.06,yes
3/25/14,22:49,6:22,18:41,0.03,no
3/26/14,11:35,6:22,18:41,-0.03,yes
3/26/14,23:55,6:21,18:42,-0.06,no
3/27/14,12:33,6:21,18:42,-0.15,yes
3/28/14,0:56,6:20,18:42,-0.18,no
3/28/14,13:27,6:20,18:42,-0.24,yes
3/29/14,1:53,6:18,18:43,-0.24,no
3/29/14,14:18,6:18,18:43,-0.34,yes
3/30/14,2:46,6:17,18:44,-0.3,no
3/30/14,15:06,6:17,18:44,-0.37,yes
3/31/14,3:36,6:16,18:44,-0.3,no
3/31/14,15:52,6:16,18:44,-0.34,yes
4/1/14,4:23,6:15,18:45,-0.24,no
4/1/14,16:37,6:15,18:45,-0.27,yes
4/2/14,5:08,6:13,18:46,-0.15,no
4/2/14,17:19,6:13,18:46,-0.15,yes
4/3/14,5:51,6:12,18:46,-0.03,no
4/3/14,18:02,6:12,18:46,-0.03,yes
4/4/14,6:35,6:11,18:47,0.09,yes
4/4/14,18:45,6:11,18:47,0.12,yes
4/5/14,7:19,6:10,18:48,0.21,yes
4/5/14,19:31,6:10,18:48,0.24,no
4/6/14,8:08,6:09,18:48,0.34,yes
4/6/14,20:24,6:09,18:48,0.34,no
4/7/14,9:03,6:07,18:49,0.4,yes
4/7/14,21:23,6:06,18:50,0.4,no
4/8/14,10:01,6:06,18:50,0.4,yes
4/8/14,22:24,6:05,18:50,0.37,no
4/9/14,10:57,6:05,18:50,0.37,yes
4/9/14,23:22,6:04,18:51,0.3,no
4/10/14,11:47,6:04,18:51,0.27,yes
4/11/14,0:14,6:03,18:52,0.24,no
4/11/14,12:33,6:03,18:52,0.18,yes
4/12/14,1:03,6:01,18:52,0.15,no
4/12/14,13:17,6:01,18:52,0.09,yes
4/13/14,1:49,6:00,18:53,0.06,no
4/13/14,13:59,6:00,18:53,0.03,yes
4/14/14,2:34,5:59,18:54,-0.03,no
4/14/14,14:41,5:59,18:54,-0.03,yes
4/15/14,3:17,5:58,18:54,-0.09,no
4/15/14,15:22,5:58,18:54,-0.09,yes
4/16/14,4:01,5:57,18:55,-0.12,no
4/16/14,16:04,5:57,18:55,-0.12,yes
4/17/14,4:44,5:56,18:56,-0.12,no
4/17/14,16:47,5:56,18:56,-0.12,yes
4/18/14,5:29,5:54,18:56,-0.12,no
4/18/14,17:32,5:54,18:56,-0.09,yes
4/19/14,6:17,5:53,18:57,-0.06,yes
4/19/14,18:21,5:53,18:57,-0.03,yes
4/20/14,7:08,5:52,18:58,0,yes
4/20/14,19:15,5:52,18:58,0.03,no
4/21/14,8:05,5:51,18:58,0.03,yes
4/21/14,20:16,5:51,18:58,0.09,no
4/22/14,9:08,5:50,18:59,0.03,yes
4/22/14,21:25,5:49,19:00,0.12,no
4/23/14,10:12,5:49,19:00,0,yes
4/23/14,22:36,5:48,19:00,0.09,no
4/24/14,11:13,5:48,19:00,-0.06,yes
4/24/14,23:41,5:47,19:01,0.03,no
4/25/14,12:09,5:47,19:01,-0.15,yes
4/26/14,0:41,5:46,19:02,-0.06,no
4/26/14,13:02,5:46,19:02,-0.21,yes
4/27/14,1:36,5:45,19:02,-0.12,no
4/27/14,13:52,5:45,19:02,-0.24,yes
4/28/14,2:28,5:44,19:03,-0.15,no
4/28/14,14:40,5:44,19:03,-0.24,yes
4/29/14,3:17,5:43,19:04,-0.15,no
4/29/14,15:26,5:43,19:04,-0.21,yes
4/30/14,4:02,5:42,19:04,-0.12,no
4/30/14,16:09,5:42,19:04,-0.15,yes
5/1/14,4:45,5:41,19:05,-0.06,no
5/1/14,16:51,5:41,19:05,-0.06,yes
5/2/14,5:26,5:40,19:06,0.03,no
5/2/14,17:32,5:40,19:06,0.06,yes
5/3/14,6:06,5:39,19:06,0.12,yes
5/3/14,18:13,5:39,19:06,0.18,yes
5/4/14,6:46,5:38,19:07,0.21,yes
5/4/14,18:56,5:38,19:07,0.27,yes
5/5/14,7:29,5:37,19:08,0.3,yes
5/5/14,19:44,5:37,19:08,0.37,no
5/6/14,8:16,5:37,19:08,0.34,yes
5/6/14,20:38,5:36,19:09,0.43,no
5/7/14,9:08,5:36,19:09,0.37,yes
5/7/14,21:38,5:35,19:10,0.43,no
5/8/14,10:03,5:35,19:10,0.34,yes
5/8/14,22:38,5:34,19:11,0.37,no
5/9/14,10:56,5:34,19:11,0.24,yes
5/9/14,23:34,5:33,19:11,0.3,no
5/10/14,11:46,5:33,19:11,0.18,yes
5/11/14,0:26,5:33,19:12,0.21,no
5/11/14,12:33,5:33,19:12,0.09,yes
5/12/14,1:16,5:32,19:13,0.09,no
5/12/14,13:20,5:32,19:13,0,yes
5/13/14,2:04,5:31,19:13,0,no
5/13/14,14:07,5:31,19:13,-0.06,yes
5/14/14,2:52,5:31,19:14,-0.09,no
5/14/14,14:54,5:31,19:14,-0.12,yes
5/15/14,3:40,5:30,19:15,-0.15,no
5/15/14,15:41,5:30,19:15,-0.15,yes
5/16/14,4:27,5:29,19:15,-0.18,no
5/16/14,16:29,5:29,19:15,-0.18,yes
5/17/14,5:15,5:29,19:16,-0.18,no
5/17/14,17:18,5:29,19:16,-0.15,yes
5/18/14,6:04,5:28,19:17,-0.18,yes
5/18/14,18:10,5:28,19:17,-0.09,yes
5/19/14,6:56,5:27,19:17,-0.12,yes
5/19/14,19:05,5:27,19:17,-0.03,yes
5/20/14,7:51,5:27,19:18,-0.09,yes
5/20/14,20:06,5:27,19:18,0.06,no
5/21/14,8:50,5:26,19:19,-0.06,yes
5/21/14,21:13,5:26,19:19,0.09,no
5/22/14,9:50,5:26,19:19,-0.09,yes
5/22/14,22:21,5:25,19:20,0.12,no
5/23/14,10:49,5:25,19:20,-0.12,yes
5/23/14,23:25,5:25,19:21,0.06,no
5/24/14,11:45,5:25,19:21,-0.15,yes
5/25/14,0:24,5:24,19:21,0.03,no
5/25/14,12:37,5:24,19:21,-0.15,yes
5/26/14,1:18,5:24,19:22,0,no
5/26/14,13:26,5:24,19:22,-0.18,yes
5/27/14,2:08,5:24,19:22,-0.03,no
5/27/14,14:14,5:24,19:22,-0.15,yes
5/28/14,2:56,5:23,19:23,-0.03,no
5/28/14,14:59,5:23,19:23,-0.12,yes
5/29/14,3:40,5:23,19:24,-0.03,no
5/29/14,15:43,5:23,19:24,-0.06,yes
5/30/14,4:22,5:23,19:24,0.03,no
5/30/14,16:24,5:23,19:24,0,yes
5/31/14,5:01,5:22,19:25,0.06,no
5/31/14,17:04,5:22,19:25,0.09,yes
6/1/14,5:38,5:22,19:25,0.12,yes
6/1/14,17:44,5:22,19:25,0.18,yes
6/2/14,6:15,5:22,19:26,0.18,yes
6/2/14,18:25,5:22,19:26,0.24,yes
6/3/14,6:54,5:22,19:26,0.21,yes
6/3/14,19:09,5:22,19:26,0.34,yes
6/4/14,7:35,5:21,19:27,0.24,yes
6/4/14,19:58,5:21,19:27,0.37,no
6/5/14,8:21,5:21,19:27,0.24,yes
6/5/14,20:53,5:21,19:28,0.4,no
6/6/14,9:12,5:21,19:28,0.24,yes
6/6/14,21:53,5:21,19:28,0.37,no
6/7/14,10:05,5:21,19:28,0.18,yes
6/7/14,22:52,5:21,19:29,0.3,no
6/8/14,10:59,5:21,19:29,0.12,yes
6/8/14,23:48,5:21,19:29,0.21,no
6/9/14,11:52,5:21,19:29,0.03,yes
6/10/14,0:42,5:21,19:30,0.12,no
6/10/14,12:44,5:21,19:30,-0.06,yes
6/11/14,1:35,5:21,19:30,0,no
6/11/14,13:36,5:21,19:30,-0.12,yes
6/12/14,2:27,5:21,19:31,-0.09,no
6/12/14,14:28,5:21,19:31,-0.18,yes
6/13/14,3:18,5:21,19:31,-0.18,no
6/13/14,15:21,5:21,19:31,-0.24,yes
6/14/14,4:08,5:21,19:31,-0.24,no
6/14/14,16:13,5:21,19:31,-0.27,yes
6/15/14,4:58,5:21,19:32,-0.27,no
6/15/14,17:05,5:21,19:32,-0.24,yes
6/16/14,5:48,5:21,19:32,-0.27,yes
6/16/14,17:58,5:21,19:32,-0.18,yes
6/17/14,6:39,5:21,19:32,-0.27,yes
6/17/14,18:53,5:21,19:32,-0.09,yes
6/18/14,7:32,5:21,19:33,-0.21,yes
6/18/14,19:53,5:21,19:33,0,no
6/19/14,8:28,5:21,19:33,-0.18,yes
6/19/14,20:57,5:21,19:33,0.09,no
6/20/14,9:26,5:22,19:33,-0.15,yes
6/20/14,22:03,5:22,19:33,0.12,no
6/21/14,10:24,5:22,19:33,-0.12,yes
6/21/14,23:06,5:22,19:33,0.12,no
6/22/14,11:19,5:22,19:33,-0.12,yes
6/23/14,0:04,5:22,19:34,0.12,no
6/23/14,12:11,5:22,19:34,-0.09,yes
6/24/14,0:57,5:22,19:34,0.09,no
6/24/14,13:01,5:22,19:34,-0.09,yes
6/25/14,1:46,5:23,19:34,0.06,no
6/25/14,13:48,5:23,19:34,-0.06,yes
6/26/14,2:33,5:23,19:34,0.06,no
6/26/14,14:34,5:23,19:34,-0.03,yes
6/27/14,3:16,5:23,19:34,0.06,no
6/27/14,15:17,5:23,19:34,0,yes
6/28/14,3:56,5:24,19:34,0.06,no
6/28/14,15:59,5:24,19:34,0.03,yes
6/29/14,4:34,5:24,19:34,0.09,no
6/29/14,16:38,5:24,19:34,0.09,yes
6/30/14,5:10,5:24,19:34,0.12,no
6/30/14,17:17,5:24,19:34,0.15,yes
7/1/14,5:45,5:25,19:34,0.12,yes
7/1/14,17:56,5:25,19:34,0.21,yes
7/2/14,6:20,5:25,19:34,0.15,yes
7/2/14,18:38,5:25,19:34,0.27,yes
7/3/14,6:58,5:26,19:34,0.15,yes
7/3/14,19:23,5:26,19:34,0.34,yes
7/4/14,7:40,5:26,19:34,0.18,yes
7/4/14,20:14,5:27,19:34,0.37,no
7/5/14,8:28,5:27,19:34,0.15,yes
7/5/14,21:11,5:27,19:34,0.37,no
7/6/14,9:21,5:27,19:34,0.12,yes
7/6/14,22:13,5:27,19:34,0.3,no
7/7/14,10:18,5:27,19:34,0.09,yes
7/7/14,23:13,5:28,19:33,0.21,no
7/8/14,11:16,5:28,19:33,0,yes
7/9/14,0:12,5:28,19:33,0.12,no
7/9/14,12:14,5:28,19:33,-0.06,yes
7/10/14,1:08,5:29,19:33,0,no
7/10/14,13:10,5:29,19:33,-0.15,yes
7/11/14,2:03,5:29,19:33,-0.12,no
7/11/14,14:07,5:29,19:33,-0.24,yes
7/12/14,2:56,5:30,19:32,-0.21,no
7/12/14,15:02,5:30,19:32,-0.3,yes
7/13/14,3:48,5:31,19:32,-0.3,no
7/13/14,15:57,5:31,19:32,-0.34,yes
7/14/14,4:39,5:31,19:32,-0.37,no
7/14/14,16:50,5:31,19:32,-0.3,yes
7/15/14,5:29,5:32,19:31,-0.37,no
7/15/14,17:44,5:32,19:31,-0.21,yes
7/16/14,6:19,5:32,19:31,-0.34,yes
7/16/14,18:38,5:32,19:31,-0.12,yes
7/17/14,7:10,5:33,19:31,-0.27,yes
7/17/14,19:35,5:33,19:31,0,no
7/18/14,8:03,5:33,19:30,-0.18,yes
7/18/14,20:36,5:33,19:30,0.12,no
7/19/14,8:59,5:34,19:30,-0.09,yes
7/19/14,21:40,5:34,19:30,0.18,no
7/20/14,9:57,5:35,19:29,-0.03,yes
7/20/14,22:43,5:35,19:29,0.21,no
7/21/14,10:53,5:35,19:29,0,yes
7/21/14,23:41,5:36,19:28,0.21,no
7/22/14,11:46,5:36,19:28,0,yes
7/23/14,0:33,5:36,19:28,0.21,no
7/23/14,12:36,5:36,19:28,0.03,yes
7/24/14,1:21,5:37,19:27,0.18,no
7/24/14,13:24,5:37,19:27,0.03,yes
7/25/14,2:06,5:38,19:26,0.15,no
7/25/14,14:09,5:38,19:26,0.03,yes
7/26/14,2:48,5:38,19:26,0.12,no
7/26/14,14:52,5:38,19:26,0.06,yes
7/27/14,3:27,5:39,19:25,0.12,no
7/27/14,15:34,5:39,19:25,0.06,yes
7/28/14,4:04,5:40,19:25,0.12,no
7/28/14,16:13,5:40,19:25,0.09,yes
7/29/14,4:39,5:40,19:24,0.12,no
7/29/14,16:52,5:40,19:24,0.15,yes
7/30/14,5:13,5:41,19:23,0.12,no
7/30/14,17:30,5:41,19:23,0.18,yes
7/31/14,5:48,5:41,19:22,0.12,yes
7/31/14,18:10,5:41,19:22,0.24,yes
8/1/14,6:24,5:42,19:22,0.15,yes
8/1/14,18:53,5:42,19:22,0.3,yes
8/2/14,7:05,5:43,19:21,0.15,yes
8/2/14,19:41,5:43,19:21,0.34,no
8/3/14,7:51,5:43,19:20,0.15,yes
8/3/14,20:37,5:44,19:19,0.34,no
8/4/14,8:44,5:44,19:19,0.15,yes
8/4/14,21:39,5:45,19:18,0.34,no
8/5/14,9:45,5:45,19:18,0.12,yes
8/5/14,22:43,5:45,19:17,0.24,no
8/6/14,10:48,5:45,19:17,0.06,yes
8/6/14,23:45,5:46,19:17,0.15,no
8/7/14,11:50,5:46,19:17,-0.03,yes
8/8/14,0:43,5:47,19:16,0.03,no
8/8/14,12:50,5:47,19:16,-0.15,yes
8/9/14,1:39,5:47,19:15,-0.09,no
8/9/14,13:49,5:47,19:15,-0.21,yes
8/10/14,2:34,5:48,19:14,-0.21,no
8/10/14,14:46,5:48,19:14,-0.27,yes
8/11/14,3:26,5:49,19:13,-0.3,no
8/11/14,15:41,5:49,19:13,-0.3,yes
8/12/14,4:16,5:49,19:12,-0.37,no
8/12/14,16:34,5:49,19:12,-0.27,yes
8/13/14,5:05,5:50,19:11,-0.37,no
8/13/14,17:27,5:50,19:11,-0.21,yes
8/14/14,5:54,5:50,19:10,-0.3,yes
8/14/14,18:19,5:50,19:10,-0.09,yes
8/15/14,6:43,5:51,19:09,-0.21,yes
8/15/14,19:13,5:51,19:09,0.06,no
8/16/14,7:35,5:52,19:08,-0.09,yes
8/16/14,20:11,5:52,19:08,0.18,no
8/17/14,8:29,5:52,19:07,0.03,yes
8/17/14,21:12,5:52,19:07,0.3,no
8/18/14,9:26,5:53,19:06,0.12,yes
8/18/14,22:14,5:54,19:05,0.34,no
8/19/14,10:24,5:54,19:05,0.15,yes
8/19/14,23:13,5:54,19:04,0.37,no
8/20/14,11:19,5:54,19:04,0.18,yes
8/21/14,0:05,5:55,19:02,0.34,no
8/21/14,12:10,5:55,19:02,0.18,yes
8/22/14,0:52,5:55,19:01,0.3,no
8/22/14,12:58,5:55,19:01,0.15,yes
8/23/14,1:35,5:56,19:00,0.24,no
8/23/14,13:43,5:56,19:00,0.12,yes
8/24/14,2:16,5:57,18:59,0.21,no
8/24/14,14:27,5:57,18:59,0.12,yes
8/25/14,2:54,5:57,18:58,0.18,no
8/25/14,15:08,5:57,18:58,0.12,yes
8/26/14,3:31,5:58,18:57,0.15,no
8/26/14,15:48,5:58,18:57,0.15,yes
8/27/14,4:07,5:58,18:56,0.12,no
8/27/14,16:27,5:58,18:56,0.15,yes
8/28/14,4:42,5:59,18:54,0.12,no
8/28/14,17:06,5:59,18:54,0.21,yes
8/29/14,5:17,6:00,18:53,0.15,no
8/29/14,17:45,6:00,18:53,0.24,yes
8/30/14,5:54,6:00,18:52,0.15,no
8/30/14,18:28,6:00,18:52,0.27,yes
8/31/14,6:35,6:01,18:51,0.18,yes
8/31/14,19:16,6:01,18:51,0.34,no
9/1/14,7:22,6:01,18:50,0.18,yes
9/1/14,20:11,6:01,18:50,0.37,no
9/2/14,8:17,6:02,18:48,0.21,yes
9/2/14,21:13,6:03,18:47,0.34,no
9/3/14,9:20,6:03,18:47,0.18,yes
9/3/14,22:19,6:03,18:46,0.27,no
9/4/14,10:27,6:03,18:46,0.12,yes
9/4/14,23:22,6:04,18:45,0.18,no
9/5/14,11:32,6:04,18:45,0.03,yes
9/6/14,0:21,6:04,18:43,0.06,no
9/6/14,12:34,6:04,18:43,-0.06,yes
9/7/14,1:17,6:05,18:42,-0.09,no
9/7/14,13:33,6:05,18:42,-0.15,yes
9/8/14,2:10,6:06,18:41,-0.18,no
9/8/14,14:30,6:06,18:41,-0.21,yes
9/9/14,3:02,6:06,18:39,-0.27,no
9/9/14,15:24,6:06,18:39,-0.24,yes
9/10/14,3:52,6:07,18:38,-0.3,no
9/10/14,16:16,6:07,18:38,-0.21,yes
9/11/14,4:40,6:07,18:37,-0.27,no
9/11/14,17:07,6:07,18:37,-0.12,yes
9/12/14,5:27,6:08,18:36,-0.18,no
9/12/14,17:57,6:08,18:36,0,yes
9/13/14,6:15,6:09,18:34,-0.06,yes
9/13/14,18:48,6:09,18:34,0.15,no
9/14/14,7:04,6:09,18:33,0.06,yes
9/14/14,19:41,6:09,18:33,0.3,no
9/15/14,7:56,6:10,18:32,0.18,yes
9/15/14,20:38,6:10,18:32,0.4,no
9/16/14,8:52,6:10,18:30,0.3,yes
9/16/14,21:38,6:11,18:29,0.46,no
9/17/14,9:51,6:11,18:29,0.34,yes
9/17/14,22:37,6:11,18:28,0.49,no
9/18/14,10:48,6:11,18:28,0.37,yes
9/18/14,23:29,6:12,18:27,0.46,no
9/19/14,11:41,6:12,18:27,0.34,yes
9/20/14,0:16,6:13,18:25,0.4,no
9/20/14,12:30,6:13,18:25,0.27,yes
9/21/14,0:59,6:13,18:24,0.34,no
9/21/14,13:15,6:13,18:24,0.24,yes
9/22/14,1:39,6:14,18:23,0.24,no
9/22/14,13:59,6:14,18:23,0.18,yes
9/23/14,2:18,6:14,18:21,0.21,no
9/23/14,14:41,6:14,18:21,0.18,yes
9/24/14,2:56,6:15,18:20,0.18,no
9/24/14,15:23,6:15,18:20,0.15,yes
9/25/14,3:34,6:16,18:19,0.15,no
9/25/14,16:03,6:16,18:19,0.15,yes
9/26/14,4:11,6:16,18:17,0.15,no
9/26/14,16:43,6:16,18:17,0.18,yes
9/27/14,4:49,6:17,18:16,0.15,no
9/27/14,17:24,6:17,18:16,0.21,yes
9/28/14,5:29,6:17,18:15,0.15,no
9/28/14,18:08,6:17,18:15,0.24,yes
9/29/14,6:12,6:18,18:14,0.18,no
9/29/14,18:56,6:18,18:14,0.3,no
9/30/14,7:00,6:19,18:12,0.21,yes
9/30/14,19:51,6:19,18:12,0.34,no
10/1/14,7:57,6:19,18:11,0.24,yes
10/1/14,20:53,6:20,18:10,0.34,no
10/2/14,9:02,6:20,18:10,0.24,yes
10/2/14,21:58,6:21,18:09,0.27,no
10/3/14,10:11,6:21,18:09,0.18,yes
10/3/14,23:01,6:21,18:07,0.15,no
10/4/14,11:18,6:21,18:07,0.12,yes
10/4/14,23:59,6:22,18:06,0.03,no
10/5/14,12:20,6:22,18:06,0,yes
10/6/14,0:54,6:22,18:05,-0.09,no
10/6/14,13:19,6:22,18:05,-0.06,yes
10/7/14,1:47,6:23,18:04,-0.18,no
10/7/14,14:14,6:23,18:04,-0.12,yes
10/8/14,2:38,6:24,18:02,-0.21,no
10/8/14,15:07,6:24,18:02,-0.15,yes
10/9/14,3:27,6:24,18:01,-0.24,no
10/9/14,15:58,6:24,18:01,-0.12,yes
10/10/14,4:14,6:25,18:00,-0.18,no
10/10/14,16:47,6:25,18:00,-0.03,yes
10/11/14,5:00,6:26,17:59,-0.09,no
10/11/14,17:34,6:26,17:59,0.09,yes
10/12/14,5:46,6:26,17:58,0.03,no
10/12/14,18:20,6:26,17:58,0.21,no
10/13/14,6:32,6:27,17:56,0.15,yes
10/13/14,19:08,6:27,17:56,0.34,no
10/14/14,7:20,6:28,17:55,0.3,yes
10/14/14,19:59,6:28,17:55,0.46,no
10/15/14,8:13,6:29,17:54,0.4,yes
10/15/14,20:54,6:29,17:54,0.52,no
10/16/14,9:10,6:29,17:53,0.46,yes
10/16/14,21:51,6:30,17:52,0.52,no
10/17/14,10:09,6:30,17:52,0.46,yes
10/17/14,22:44,6:31,17:51,0.49,no
10/18/14,11:05,6:31,17:51,0.43,yes
10/18/14,23:33,6:31,17:50,0.43,no
10/19/14,11:56,6:31,17:50,0.37,yes
10/20/14,0:17,6:32,17:49,0.34,no
10/20/14,12:44,6:32,17:49,0.3,yes
10/21/14,1:00,6:33,17:48,0.24,no
10/21/14,13:30,6:33,17:48,0.24,yes
10/22/14,1:41,6:34,17:46,0.18,no
10/22/14,14:14,6:34,17:46,0.18,yes
10/23/14,2:22,6:34,17:45,0.12,no
10/23/14,14:57,6:34,17:45,0.12,yes
10/24/14,3:03,6:35,17:44,0.09,no
10/24/14,15:40,6:35,17:44,0.12,yes
10/25/14,3:43,6:36,17:43,0.06,no
10/25/14,16:23,6:36,17:43,0.09,yes
10/26/14,4:25,6:37,17:42,0.06,no
10/26/14,17:06,6:37,17:42,0.12,yes
10/27/14,5:08,6:37,17:41,0.09,no
10/27/14,17:52,6:37,17:41,0.15,no
10/28/14,5:54,6:38,17:41,0.12,no
10/28/14,18:41,6:38,17:41,0.18,no
10/29/14,6:45,6:39,17:40,0.15,yes
10/29/14,19:35,6:39,17:40,0.21,no
10/30/14,7:43,6:40,17:39,0.18,yes
10/30/14,20:34,6:40,17:39,0.21,no
10/31/14,8:48,6:40,17:38,0.21,yes
10/31/14,21:38,6:41,17:37,0.15,no
11/1/14,9:57,6:41,17:37,0.21,yes
11/1/14,22:40,6:42,17:36,0.09,no
11/2/14,10:05,6:42,17:36,0.15,yes
11/2/14,22:38,6:43,17:35,0,no
11/3/14,11:07,6:43,17:35,0.06,yes
11/3/14,23:32,6:44,17:34,-0.09,no
11/4/14,12:05,6:44,17:34,-0.03,yes
11/5/14,0:24,6:45,17:34,-0.18,no
11/5/14,12:59,6:45,17:34,-0.06,yes
11/6/14,1:14,6:45,17:33,-0.21,no
11/6/14,13:50,6:45,17:33,-0.09,yes
11/7/14,2:03,6:46,17:32,-0.18,no
11/7/14,14:39,6:46,17:32,-0.06,yes
11/8/14,2:49,6:47,17:32,-0.15,no
11/8/14,15:25,6:47,17:32,0,yes
11/9/14,3:34,6:48,17:31,-0.06,no
11/9/14,16:09,6:48,17:31,0.09,yes
11/10/14,4:17,6:49,17:30,0.06,no
11/10/14,16:52,6:49,17:30,0.18,yes
11/11/14,5:00,6:50,17:30,0.15,no
11/11/14,17:34,6:50,17:30,0.3,no
11/12/14,5:44,6:50,17:29,0.27,no
11/12/14,18:18,6:50,17:29,0.37,no
11/13/14,6:32,6:51,17:28,0.4,no
11/13/14,19:05,6:51,17:28,0.43,no
11/14/14,7:24,6:52,17:28,0.46,yes
11/14/14,19:56,6:52,17:28,0.46,no
11/15/14,8:22,6:53,17:27,0.49,yes
11/15/14,20:50,6:54,17:27,0.43,no
11/16/14,9:22,6:54,17:27,0.46,yes
11/16/14,21:42,6:55,17:26,0.37,no
11/17/14,10:17,6:55,17:26,0.4,yes
11/17/14,22:31,6:56,17:26,0.3,no
11/18/14,11:09,6:56,17:26,0.3,yes
11/18/14,23:18,6:57,17:25,0.21,no
11/19/14,11:58,6:57,17:25,0.21,yes
11/20/14,0:04,6:57,17:25,0.12,no
11/20/14,12:45,6:57,17:25,0.12,yes
11/21/14,0:49,6:58,17:25,0.06,no
11/21/14,13:31,6:58,17:25,0.06,yes
11/22/14,1:34,6:59,17:24,-0.03,no
11/22/14,14:17,6:59,17:24,0,yes
11/23/14,2:19,7:00,17:24,-0.06,no
11/23/14,15:03,7:00,17:24,-0.03,yes
11/24/14,3:05,7:01,17:24,-0.09,no
11/24/14,15:49,7:01,17:24,-0.06,yes
11/25/14,3:52,7:02,17:23,-0.09,no
11/25/14,16:36,7:02,17:23,-0.06,yes
11/26/14,4:41,7:03,17:23,-0.06,no
11/26/14,17:25,7:03,17:23,-0.03,no
11/27/14,5:33,7:03,17:23,0,no
11/27/14,18:18,7:03,17:23,0,no
11/28/14,6:30,7:04,17:23,0.06,no
11/28/14,19:15,7:04,17:23,0,no
11/29/14,7:34,7:05,17:23,0.12,yes
11/29/14,20:15,7:05,17:23,0,no
11/30/14,8:42,7:06,17:23,0.15,yes
11/30/14,21:17,7:06,17:23,-0.03,no
12/1/14,9:50,7:07,17:23,0.12,yes
12/1/14,22:15,7:08,17:22,-0.09,no
12/2/14,10:53,7:08,17:22,0.06,yes
12/2/14,23:11,7:08,17:22,-0.15,no
12/3/14,11:50,7:08,17:22,0,yes
12/4/14,0:03,7:09,17:22,-0.18,no
12/4/14,12:43,7:09,17:22,-0.03,yes
12/5/14,0:53,7:10,17:22,-0.18,no
12/5/14,13:33,7:10,17:22,-0.06,yes
12/6/14,1:41,7:11,17:23,-0.18,no
12/6/14,14:20,7:11,17:23,-0.06,yes
12/7/14,2:26,7:11,17:23,-0.15,no
12/7/14,15:04,7:11,17:23,-0.03,yes
12/8/14,3:10,7:12,17:23,-0.09,no
12/8/14,15:45,7:12,17:23,0.03,yes
12/9/14,3:51,7:13,17:23,0,no
12/9/14,16:23,7:13,17:23,0.09,yes
12/10/14,4:31,7:14,17:23,0.09,no
12/10/14,17:01,7:14,17:23,0.15,yes
12/11/14,5:11,7:14,17:23,0.18,no
12/11/14,17:38,7:14,17:23,0.21,no
12/12/14,5:53,7:15,17:24,0.27,no
12/12/14,18:18,7:15,17:24,0.27,no
12/13/14,6:40,7:16,17:24,0.34,no
12/13/14,19:03,7:16,17:24,0.3,no
12/14/14,7:33,7:16,17:24,0.4,yes
12/14/14,19:52,7:16,17:24,0.3,no
12/15/14,8:32,7:17,17:24,0.4,yes
12/15/14,20:47,7:17,17:24,0.27,no
12/16/14,9:32,7:18,17:25,0.37,yes
12/16/14,21:42,7:18,17:25,0.21,no
12/17/14,10:30,7:18,17:25,0.27,yes
12/17/14,22:36,7:18,17:25,0.15,no
12/18/14,11:24,7:19,17:26,0.18,yes
12/18/14,23:28,7:19,17:26,0.03,no
12/19/14,12:16,7:19,17:26,0.06,yes
12/20/14,0:19,7:19,17:26,-0.06,no
12/20/14,13:06,7:20,17:27,-0.03,yes
12/21/14,1:09,7:20,17:27,-0.15,no
12/21/14,13:55,7:21,17:27,-0.12,yes
12/22/14,1:59,7:21,17:27,-0.24,no
12/22/14,14:43,7:21,17:27,-0.21,yes
12/23/14,2:48,7:21,17:27,-0.27,no
12/23/14,15:31,7:22,17:28,-0.27,yes
12/24/14,3:38,7:22,17:28,-0.3,no
12/24/14,16:19,7:22,17:29,-0.27,yes
12/25/14,4:28,7:22,17:29,-0.27,no
12/25/14,17:08,7:22,17:29,-0.27,yes
12/26/14,5:20,7:22,17:29,-0.18,no
12/26/14,17:58,7:23,17:30,-0.24,no
12/27/14,6:16,7:23,17:30,-0.09,no
12/27/14,18:53,7:23,17:30,-0.18,no
12/28/14,7:18,7:23,17:30,0,no
12/28/14,19:51,7:24,17:31,-0.12,no
12/29/14,8:24,7:24,17:31,0.09,yes
12/29/14,20:52,7:24,17:32,-0.12,no
12/30/14,9:32,7:24,17:32,0.09,yes
12/30/14,21:52,7:24,17:32,-0.12,no
12/31/14,10:36,7:24,17:32,0.09,yes
12/31/14,22:49,7:24,17:33,-0.12,no
1/1/15,11:34,7:24,17:33,0.03,yes
1/1/15,23:44,7:25,17:34,-0.15,no
1/2/15,12:27,7:25,17:34,0,yes
1/3/15,0:34,7:25,17:35,-0.15,no
1/3/15,13:15,7:25,17:35,-0.03,yes
1/4/15,1:22,7:25,17:35,-0.18,no
1/4/15,14:00,7:25,17:35,-0.03,yes
1/5/15,2:06,7:25,17:36,-0.15,no
1/5/15,14:42,7:25,17:36,-0.03,yes
1/6/15,2:48,7:25,17:37,-0.12,no
1/6/15,15:20,7:25,17:37,-0.03,yes
1/7/15,3:28,7:26,17:38,-0.06,no
1/7/15,15:56,7:26,17:38,0,yes
1/8/15,4:06,7:26,17:38,0,no
1/8/15,16:30,7:26,17:38,0.06,yes
1/9/15,4:43,7:26,17:39,0.06,no
1/9/15,17:05,7:26,17:39,0.09,yes
1/10/15,5:22,7:26,17:40,0.15,no
1/10/15,17:40,7:26,17:40,0.12,no
1/11/15,6:04,7:26,17:41,0.21,no
1/11/15,18:20,7:26,17:42,0.15,no
1/12/15,6:51,7:26,17:42,0.27,no
1/12/15,19:06,7:26,17:43,0.18,no
1/13/15,7:47,7:26,17:43,0.3,yes
1/13/15,19:58,7:25,17:43,0.18,no
1/14/15,8:49,7:25,17:43,0.3,yes
1/14/15,20:57,7:25,17:44,0.15,no
1/15/15,9:52,7:25,17:44,0.24,yes
1/15/15,21:58,7:25,17:45,0.09,no
1/16/15,10:52,7:25,17:45,0.15,yes
1/16/15,22:57,7:25,17:46,-0.03,no
1/17/15,11:48,7:25,17:46,0,yes
1/17/15,23:53,7:25,17:47,-0.15,no
1/18/15,12:41,7:25,17:47,-0.12,yes
1/19/15,0:48,7:25,17:48,-0.27,no
1/19/15,13:33,7:25,17:48,-0.24,yes
1/20/15,1:41,7:24,17:49,-0.37,no
1/20/15,14:23,7:24,17:49,-0.37,yes
1/21/15,2:33,7:24,17:50,-0.46,no
1/21/15,15:12,7:24,17:50,-0.43,yes
1/22/15,3:24,7:24,17:51,-0.46,no
1/22/15,16:00,7:24,17:51,-0.46,yes
1/23/15,4:15,7:23,17:52,-0.43,no
1/23/15,16:49,7:23,17:52,-0.43,yes
1/24/15,5:07,7:23,17:52,-0.34,no
1/24/15,17:38,7:23,17:52,-0.37,yes
1/25/15,6:01,7:23,17:53,-0.21,no
1/25/15,18:30,7:22,17:54,-0.27,no
1/26/15,6:59,7:22,17:54,-0.06,no
1/26/15,19:26,7:22,17:55,-0.18,no
1/27/15,8:03,7:22,17:55,0.06,yes
1/27/15,20:27,7:21,17:56,-0.09,no
1/28/15,9:11,7:21,17:56,0.12,yes
1/28/15,21:29,7:21,17:57,-0.06,no
1/29/15,10:16,7:21,17:57,0.12,yes
1/29/15,22:28,7:20,17:58,-0.06,no
1/30/15,11:14,7:20,17:58,0.09,yes
1/30/15,23:23,7:20,17:59,-0.06,no
1/31/15,12:06,7:20,17:59,0.06,yes
2/1/15,0:14,7:19,18:00,-0.09,no
2/1/15,12:53,7:19,18:00,0.03,yes
2/2/15,1:01,7:18,18:01,-0.12,no
2/2/15,13:36,7:18,18:01,0,yes
2/3/15,1:45,7:18,18:01,-0.12,no
2/3/15,14:16,7:18,18:01,-0.03,yes
2/4/15,2:26,7:17,18:02,-0.12,no
2/4/15,14:52,7:17,18:02,-0.03,yes
2/5/15,3:04,7:16,18:03,-0.09,no
2/5/15,15:26,7:16,18:03,-0.03,yes
2/6/15,3:41,7:16,18:04,-0.06,no
2/6/15,15:59,7:16,18:04,-0.03,yes
2/7/15,4:17,7:15,18:05,0,no
2/7/15,16:32,7:15,18:05,0,yes
2/8/15,4:54,7:14,18:06,0.06,no
2/8/15,17:06,7:14,18:06,0.03,yes
2/9/15,5:33,7:13,18:07,0.12,no
2/9/15,17:43,7:13,18:08,0.09,yes
2/10/15,6:17,7:13,18:08,0.18,no
2/10/15,18:25,7:12,18:08,0.12,no
2/11/15,7:08,7:12,18:08,0.24,no
2/11/15,19:15,7:11,18:09,0.15,no
2/12/15,8:08,7:11,18:09,0.27,yes
2/12/15,20:16,7:10,18:10,0.15,no
2/13/15,9:14,7:10,18:10,0.21,yes
2/13/15,21:22,7:09,18:11,0.09,no
2/14/15,10:19,7:09,18:11,0.12,yes
2/14/15,22:27,7:08,18:12,0,no
2/15/15,11:19,7:08,18:12,0,yes
2/15/15,23:29,7:07,18:13,-0.15,no
2/16/15,12:16,7:07,18:13,-0.15,yes
2/17/15,0:28,7:06,18:14,-0.27,no
2/17/15,13:09,7:06,18:14,-0.3,yes
2/18/15,1:23,7:05,18:14,-0.4,no
2/18/15,14:01,7:05,18:14,-0.43,yes
2/19/15,2:17,7:04,18:15,-0.49,no
2/19/15,14:50,7:04,18:15,-0.49,yes
2/20/15,3:09,7:04,18:16,-0.52,no
2/20/15,15:38,7:04,18:16,-0.52,yes
2/21/15,4:00,7:03,18:17,-0.46,no
2/21/15,16:26,7:03,18:17,-0.49,yes
2/22/15,4:51,7:01,18:18,-0.37,no
2/22/15,17:14,7:01,18:18,-0.4,yes
2/23/15,5:43,7:00,18:18,-0.21,no
2/23/15,18:05,7:00,18:18,-0.27,yes
2/24/15,6:38,6:59,18:19,-0.06,no
2/24/15,18:58,6:58,18:20,-0.12,no
2/25/15,7:38,6:58,18:20,0.09,yes
2/25/15,19:58,6:57,18:21,0,no
2/26/15,8:44,6:57,18:21,0.18,yes
2/26/15,21:01,6:56,18:21,0.09,no
2/27/15,9:49,6:56,18:21,0.21,yes
2/27/15,22:03,6:55,18:22,0.09,no
2/28/15,10:47,6:55,18:22,0.21,yes
2/28/15,23:00,6:54,18:23,0.09,no
3/1/15,11:39,6:54,18:23,0.15,yes
3/1/15,23:51,6:53,18:24,0.03,no
3/2/15,12:24,6:53,18:24,0.12,yes
3/3/15,0:38,6:52,18:24,0,no
3/3/15,13:06,6:52,18:24,0.06,yes
3/4/15,1:21,6:51,18:25,-0.06,no
3/4/15,13:44,6:51,18:25,0,yes
3/5/15,2:02,6:49,18:26,-0.06,no
3/5/15,14:21,6:49,18:26,0,yes
3/6/15,2:41,6:48,18:27,-0.06,no
3/6/15,14:55,6:48,18:27,-0.03,yes
3/7/15,3:18,6:47,18:27,-0.06,no
3/7/15,15:28,6:47,18:27,-0.03,yes
3/8/15,4:54,6:46,18:28,-0.03,no
3/8/15,17:01,6:46,18:28,0,yes
3/9/15,5:30,6:45,18:29,0.03,no
3/9/15,17:36,6:45,18:29,0.03,yes
3/10/15,6:09,6:43,18:30,0.09,no
3/10/15,18:13,6:42,18:30,0.06,yes
3/11/15,6:51,6:42,18:30,0.15,yes
3/11/15,18:55,6:41,18:31,0.12,no
3/12/15,7:40,6:41,18:31,0.18,yes
3/12/15,19:44,6:40,18:32,0.15,no
3/13/15,8:38,6:40,18:32,0.21,yes
3/13/15,20:45,6:39,18:32,0.15,no
3/14/15,9:44,6:39,18:32,0.21,yes
3/14/15,21:54,6:37,18:33,0.12,no
3/15/15,10:50,6:37,18:33,0.12,yes
3/15/15,23:03,6:36,18:34,0.03,no
3/16/15,11:52,6:36,18:34,0,yes
3/17/15,0:09,6:35,18:34,-0.09,no
3/17/15,12:50,6:35,18:34,-0.15,yes
3/18/15,1:09,6:34,18:35,-0.21,no
3/18/15,13:44,6:34,18:35,-0.3,yes
3/19/15,2:06,6:32,18:36,-0.34,no
3/19/15,14:36,6:32,18:36,-0.4,yes
3/20/15,3:01,6:31,18:36,-0.43,no
3/20/15,15:26,6:31,18:36,-0.46,yes
3/21/15,3:53,6:30,18:37,-0.46,no
3/21/15,16:15,6:30,18:37,-0.49,yes
3/22/15,4:44,6:29,18:38,-0.4,no
3/22/15,17:03,6:29,18:38,-0.43,yes
3/23/15,5:33,6:27,18:38,-0.3,no
3/23/15,17:50,6:27,18:38,-0.3,yes
3/24/15,6:23,6:26,18:39,-0.15,no
3/24/15,18:39,6:26,18:39,-0.15,no
3/25/15,7:15,6:25,18:40,0,yes
3/25/15,19:30,6:24,18:40,0,no
3/26/15,8:10,6:24,18:40,0.15,yes
3/26/15,20:27,6:22,18:41,0.12,no
3/27/15,9:11,6:22,18:41,0.24,yes
3/27/15,21:29,6:21,18:42,0.21,no
3/28/15,10:14,6:21,18:42,0.3,yes
3/28/15,22:32,6:20,18:42,0.24,no
3/29/15,11:12,6:20,18:42,0.27,yes
3/29/15,23:30,6:18,18:43,0.24,no
3/30/15,12:02,6:18,18:43,0.24,yes
3/31/15,0:22,6:17,18:44,0.18,no
3/31/15,12:47,6:17,18:44,0.18,yes
4/1/15,1:09,6:16,18:44,0.12,no
4/1/15,13:29,6:16,18:44,0.12,yes
4/2/15,1:53,6:15,18:45,0.06,no
4/2/15,14:08,6:15,18:45,0.06,yes
4/3/15,2:35,6:13,18:46,0,no
4/3/15,14:45,6:13,18:46,0.03,yes
4/4/15,3:15,6:12,18:46,0,no
4/4/15,15:22,6:12,18:46,0,yes
4/5/15,3:54,6:11,18:47,-0.03,no
4/5/15,15:58,6:11,18:47,0,yes
4/6/15,4:32,6:10,18:48,0,no
4/6/15,16:33,6:10,18:48,0.03,yes
4/7/15,5:10,6:09,18:48,0,no
4/7/15,17:10,6:09,18:48,0.03,yes
4/8/15,5:49,6:07,18:49,0.06,no
4/8/15,17:49,6:06,18:50,0.06,yes
4/9/15,6:32,6:06,18:50,0.09,yes
4/9/15,18:33,6:05,18:50,0.12,yes
4/10/15,7:21,6:05,18:50,0.15,yes
4/10/15,19:24,6:04,18:51,0.15,no
4/11/15,8:17,6:04,18:51,0.15,yes
4/11/15,20:24,6:03,18:52,0.18,no
4/12/15,9:20,6:03,18:52,0.15,yes
4/12/15,21:33,6:01,18:52,0.15,no
4/13/15,10:25,6:01,18:52,0.09,yes
4/13/15,22:44,6:00,18:53,0.09,no
4/14/15,11:27,6:00,18:53,-0.03,yes
4/14/15,23:50,5:59,18:54,-0.03,no
4/15/15,12:24,5:59,18:54,-0.15,yes
4/16/15,0:52,5:58,18:54,-0.15,no
4/16/15,13:19,5:58,18:54,-0.27,yes
4/17/15,1:49,5:57,18:55,-0.24,no
4/17/15,14:11,5:57,18:55,-0.37,yes
4/18/15,2:44,5:56,18:56,-0.3,no
4/18/15,15:02,5:56,18:56,-0.4,yes
4/19/15,3:36,5:54,18:56,-0.34,no
4/19/15,15:51,5:54,18:56,-0.4,yes
4/20/15,4:26,5:53,18:57,-0.3,no
4/20/15,16:39,5:53,18:57,-0.3,yes
4/21/15,5:14,5:52,18:58,-0.21,no
4/21/15,17:26,5:52,18:58,-0.21,yes
4/22/15,6:02,5:51,18:58,-0.09,yes
4/22/15,18:13,5:51,18:58,-0.06,yes
4/23/15,6:50,5:50,18:59,0.03,yes
4/23/15,19:02,5:49,19:00,0.09,no
4/24/15,7:40,5:49,19:00,0.18,yes
4/24/15,19:54,5:48,19:00,0.21,no
4/25/15,8:34,5:48,19:00,0.27,yes
4/25/15,20:52,5:47,19:01,0.34,no
4/26/15,9:30,5:47,19:01,0.34,yes
4/26/15,21:53,5:46,19:02,0.37,no
4/27/15,10:26,5:46,19:02,0.34,yes
4/27/15,22:52,5:45,19:02,0.34,no
4/28/15,11:17,5:45,19:02,0.27,yes
4/28/15,23:46,5:44,19:03,0.3,no
4/29/15,12:03,5:44,19:03,0.21,yes
4/30/15,0:35,5:43,19:04,0.21,no
4/30/15,12:46,5:43,19:04,0.15,yes
5/1/15,1:21,5:42,19:04,0.15,no
5/1/15,13:27,5:42,19:04,0.09,yes
5/2/15,2:05,5:41,19:05,0.09,no
5/2/15,14:08,5:41,19:05,0.06,yes
5/3/15,2:47,5:40,19:06,0.03,no
5/3/15,14:48,5:40,19:06,0.03,yes
5/4/15,3:29,5:39,19:06,0,no
5/4/15,15:28,5:39,19:06,0,yes
5/5/15,4:09,5:38,19:07,-0.03,no
5/5/15,16:08,5:38,19:07,0,yes
5/6/15,4:51,5:37,19:08,-0.03,no
5/6/15,16:49,5:37,19:08,0,yes
5/7/15,5:33,5:37,19:08,0,no
5/7/15,17:32,5:36,19:09,0.03,yes
5/8/15,6:18,5:36,19:09,0,yes
5/8/15,18:18,5:35,19:10,0.06,yes
5/9/15,7:06,5:35,19:10,0.03,yes
5/9/15,19:11,5:34,19:11,0.12,no
5/10/15,8:01,5:34,19:11,0.06,yes
5/10/15,20:11,5:33,19:11,0.15,no
5/11/15,9:00,5:33,19:11,0.03,yes
5/11/15,21:18,5:33,19:12,0.15,no
5/12/15,10:02,5:33,19:12,-0.03,yes
5/12/15,22:28,5:32,19:13,0.09,no
5/13/15,11:02,5:32,19:13,-0.09,yes
5/13/15,23:34,5:31,19:13,0.03,no
5/14/15,12:00,5:31,19:13,-0.18,yes
5/15/15,0:35,5:31,19:14,-0.06,no
5/15/15,12:54,5:31,19:14,-0.27,yes
5/16/15,1:32,5:30,19:15,-0.15,no
5/16/15,13:47,5:30,19:15,-0.3,yes
5/17/15,2:26,5:29,19:15,-0.21,no
5/17/15,14:38,5:29,19:15,-0.3,yes
5/18/15,3:18,5:29,19:16,-0.21,no
5/18/15,15:27,5:29,19:16,-0.27,yes
5/19/15,4:07,5:28,19:17,-0.18,no
5/19/15,16:15,5:28,19:17,-0.21,yes
5/20/15,4:54,5:27,19:17,-0.12,no
5/20/15,17:02,5:27,19:17,-0.12,yes
5/21/15,5:39,5:27,19:18,-0.03,yes
5/21/15,17:47,5:27,19:18,0,yes
5/22/15,6:23,5:26,19:19,0.06,yes
5/22/15,18:33,5:26,19:19,0.12,yes
5/23/15,7:08,5:26,19:19,0.15,yes
5/23/15,19:20,5:25,19:20,0.24,no
5/24/15,7:54,5:25,19:20,0.24,yes
5/24/15,20:12,5:25,19:21,0.34,no
5/25/15,8:42,5:25,19:21,0.27,yes
5/25/15,21:09,5:24,19:21,0.4,no
5/26/15,9:33,5:24,19:21,0.27,yes
5/26/15,22:07,5:24,19:22,0.4,no
5/27/15,10:24,5:24,19:22,0.27,yes
5/27/15,23:04,5:24,19:22,0.37,no
5/28/15,11:13,5:24,19:22,0.21,yes
5/28/15,23:55,5:23,19:23,0.27,no
5/29/15,12:00,5:23,19:23,0.15,yes
5/30/15,0:44,5:23,19:24,0.21,no
5/30/15,12:45,5:23,19:24,0.09,yes
5/31/15,1:31,5:23,19:24,0.12,no
5/31/15,13:30,5:23,19:24,0.03,yes
6/1/15,2:17,5:22,19:25,0.06,no
6/1/15,14:15,5:22,19:25,0,yes
6/2/15,3:02,5:22,19:25,0,no
6/2/15,15:00,5:22,19:25,-0.03,yes
6/3/15,3:47,5:22,19:26,-0.06,no
6/3/15,15:45,5:22,19:26,-0.06,yes
6/4/15,4:31,5:22,19:26,-0.09,no
6/4/15,16:31,5:22,19:26,-0.06,yes
6/5/15,5:16,5:21,19:27,-0.12,no
6/5/15,17:17,5:21,19:27,-0.06,yes
6/6/15,6:03,5:21,19:27,-0.12,yes
6/6/15,18:07,5:21,19:28,-0.03,yes
6/7/15,6:52,5:21,19:28,-0.12,yes
6/7/15,19:00,5:21,19:28,0.03,yes
6/8/15,7:44,5:21,19:28,-0.09,yes
6/8/15,19:59,5:21,19:29,0.06,no
6/9/15,8:41,5:21,19:29,-0.09,yes
6/9/15,21:05,5:21,19:29,0.09,no
6/10/15,9:40,5:21,19:29,-0.12,yes
6/10/15,22:12,5:21,19:30,0.09,no
6/11/15,10:39,5:21,19:30,-0.15,yes
6/11/15,23:18,5:21,19:30,0.06,no
6/12/15,11:37,5:21,19:30,-0.21,yes
6/13/15,0:18,5:21,19:31,0,no
6/13/15,12:31,5:21,19:31,-0.24,yes
6/14/15,1:15,5:21,19:31,-0.06,no
6/14/15,13:24,5:21,19:31,-0.24,yes
6/15/15,2:09,5:21,19:31,-0.09,no
6/15/15,14:16,5:21,19:31,-0.24,yes
6/16/15,2:59,5:21,19:32,-0.12,no
6/16/15,15:05,5:21,19:32,-0.21,yes
6/17/15,3:47,5:21,19:32,-0.09,no
6/17/15,15:53,5:21,19:32,-0.15,yes
6/18/15,4:32,5:21,19:32,-0.06,no
6/18/15,16:38,5:21,19:32,-0.06,yes
6/19/15,5:14,5:21,19:33,0,no
6/19/15,17:21,5:21,19:33,0.03,yes
6/20/15,5:54,5:21,19:33,0.06,yes
6/20/15,18:03,5:21,19:33,0.15,yes
6/21/15,6:33,5:22,19:33,0.12,yes
6/21/15,18:47,5:22,19:33,0.24,yes
6/22/15,7:13,5:22,19:33,0.18,yes
6/22/15,19:33,5:22,19:33,0.34,no
6/23/15,7:55,5:22,19:33,0.21,yes
6/23/15,20:24,5:22,19:34,0.37,no
6/24/15,8:41,5:22,19:34,0.24,yes
6/24/15,21:20,5:22,19:34,0.4,no
6/25/15,9:31,5:22,19:34,0.21,yes
6/25/15,22:17,5:23,19:34,0.4,no
6/26/15,10:23,5:23,19:34,0.18,yes
6/26/15,23:13,5:23,19:34,0.34,no
6/27/15,11:14,5:23,19:34,0.15,yes
6/28/15,0:06,5:23,19:34,0.24,no
6/28/15,12:05,5:23,19:34,0.09,yes
6/29/15,0:57,5:24,19:34,0.15,no
6/29/15,12:55,5:24,19:34,0.03,yes
6/30/15,1:46,5:24,19:34,0.06,no
6/30/15,13:45,5:24,19:34,-0.06,yes
7/1/15,2:35,5:24,19:34,-0.03,no
7/1/15,14:34,5:24,19:34,-0.12,yes
7/2/15,3:23,5:25,19:34,-0.12,no
7/2/15,15:24,5:25,19:34,-0.15,yes
7/3/15,4:10,5:25,19:34,-0.18,no
7/3/15,16:14,5:25,19:34,-0.18,yes
7/4/15,4:57,5:26,19:34,-0.21,no
7/4/15,17:04,5:26,19:34,-0.18,yes
7/5/15,5:45,5:26,19:34,-0.24,yes
7/5/15,17:55,5:27,19:34,-0.12,yes
7/6/15,6:34,5:27,19:34,-0.24,yes
7/6/15,18:49,5:27,19:34,-0.06,yes
7/7/15,7:25,5:27,19:34,-0.21,yes
7/7/15,19:47,5:27,19:34,0.03,no
7/8/15,8:20,5:27,19:34,-0.18,yes
7/8/15,20:50,5:28,19:33,0.09,no
7/9/15,9:18,5:28,19:33,-0.15,yes
7/9/15,21:57,5:28,19:33,0.12,no
7/10/15,10:18,5:28,19:33,-0.15,yes
7/10/15,23:01,5:29,19:33,0.09,no
7/11/15,11:16,5:29,19:33,-0.15,yes
7/12/15,0:02,5:29,19:33,0.06,no
7/12/15,12:11,5:29,19:33,-0.15,yes
7/13/15,0:57,5:30,19:32,0.03,no
7/13/15,13:04,5:30,19:32,-0.15,yes
7/14/15,1:50,5:31,19:32,0.03,no
7/14/15,13:55,5:31,19:32,-0.12,yes
7/15/15,2:39,5:31,19:32,0,no
7/15/15,14:44,5:31,19:32,-0.09,yes
7/16/15,3:24,5:32,19:31,0,no
7/16/15,15:30,5:32,19:31,-0.06,yes
7/17/15,4:06,5:32,19:31,0,no
7/17/15,16:13,5:32,19:31,0,yes
7/18/15,4:45,5:33,19:31,0.03,no
7/18/15,16:55,5:33,19:31,0.06,yes
7/19/15,5:22,5:33,19:30,0.09,no
7/19/15,17:34,5:33,19:30,0.15,yes
7/20/15,5:58,5:34,19:30,0.12,yes
7/20/15,18:15,5:34,19:30,0.24,yes
7/21/15,6:33,5:35,19:29,0.15,yes
7/21/15,18:56,5:35,19:29,0.3,yes
7/22/15,7:11,5:35,19:29,0.18,yes
7/22/15,19:42,5:36,19:28,0.37,no
7/23/15,7:54,5:36,19:28,0.21,yes
7/23/15,20:34,5:36,19:28,0.4,no
7/24/15,8:42,5:36,19:28,0.24,yes
7/24/15,21:31,5:37,19:27,0.4,no
7/25/15,9:35,5:37,19:27,0.21,yes
7/25/15,22:30,5:38,19:26,0.37,no
7/26/15,10:31,5:38,19:26,0.18,yes
7/26/15,23:28,5:38,19:26,0.3,no
7/27/15,11:28,5:38,19:26,0.12,yes
7/28/15,0:23,5:39,19:25,0.18,no
7/28/15,12:23,5:39,19:25,0.03,yes
7/29/15,1:16,5:40,19:25,0.06,no
7/29/15,13:18,5:40,19:25,-0.06,yes
7/30/15,2:07,5:40,19:24,-0.03,no
7/30/15,14:12,5:40,19:24,-0.15,yes
7/31/15,2:58,5:41,19:23,-0.15,no
7/31/15,15:05,5:41,19:23,-0.21,yes
8/1/15,3:47,5:41,19:22,-0.24,no
8/1/15,15:57,5:41,19:22,-0.24,yes
8/2/15,4:36,5:42,19:22,-0.3,no
8/2/15,16:49,5:42,19:22,-0.24,yes
8/3/15,5:24,5:43,19:21,-0.3,no
8/3/15,17:41,5:43,19:21,-0.18,yes
8/4/15,6:13,5:43,19:20,-0.3,yes
8/4/15,18:35,5:44,19:19,-0.09,yes
8/5/15,7:04,5:44,19:19,-0.24,yes
8/5/15,19:32,5:45,19:18,0.03,no
8/6/15,7:58,5:45,19:18,-0.15,yes
8/6/15,20:33,5:45,19:17,0.12,no
8/7/15,8:56,5:45,19:17,-0.09,yes
8/7/15,21:39,5:46,19:17,0.18,no
8/8/15,9:56,5:46,19:17,-0.03,yes
8/8/15,22:44,5:47,19:16,0.21,no
8/9/15,10:56,5:47,19:16,0,yes
8/9/15,23:44,5:47,19:15,0.18,no
8/10/15,11:53,5:47,19:15,0,yes
8/11/15,0:38,5:48,19:14,0.15,no
8/11/15,12:46,5:48,19:14,0,yes
8/12/15,1:28,5:49,19:13,0.12,no
8/12/15,13:35,5:49,19:13,0,yes
8/13/15,2:14,5:49,19:12,0.12,no
8/13/15,14:22,5:49,19:12,0,yes
8/14/15,2:57,5:50,19:11,0.09,no
8/14/15,15:07,5:50,19:11,0.03,yes
8/15/15,3:37,5:50,19:10,0.09,no
8/15/15,15:48,5:50,19:10,0.06,yes
8/16/15,4:13,5:51,19:09,0.12,no
8/16/15,16:28,5:51,19:09,0.12,yes
8/17/15,4:48,5:52,19:08,0.12,no
8/17/15,17:06,5:52,19:08,0.18,yes
8/18/15,5:22,5:52,19:07,0.15,no
8/18/15,17:44,5:52,19:07,0.24,yes
8/19/15,5:56,5:53,19:06,0.18,yes
8/19/15,18:24,5:54,19:05,0.3,yes
8/20/15,6:33,5:54,19:05,0.24,yes
8/20/15,19:07,5:54,19:04,0.37,no
8/21/15,7:13,5:54,19:04,0.27,yes
8/21/15,19:55,5:55,19:02,0.43,no
8/22/15,8:00,5:55,19:02,0.27,yes
8/22/15,20:51,5:55,19:01,0.43,no
8/23/15,8:54,5:55,19:01,0.27,yes
8/23/15,21:52,5:56,19:00,0.43,no
8/24/15,9:54,5:56,19:00,0.24,yes
8/24/15,22:53,5:57,18:59,0.34,no
8/25/15,10:57,5:57,18:59,0.18,yes
8/25/15,23:51,5:57,18:58,0.21,no
8/26/15,11:57,5:57,18:58,0.06,yes
8/27/15,0:47,5:58,18:57,0.09,no
8/27/15,12:55,5:58,18:57,-0.03,yes
8/28/15,1:40,5:58,18:56,-0.03,no
8/28/15,13:51,5:58,18:56,-0.12,yes
8/29/15,2:32,5:59,18:54,-0.18,no
8/29/15,14:46,5:59,18:54,-0.21,yes
8/30/15,3:22,6:00,18:53,-0.27,no
8/30/15,15:40,6:00,18:53,-0.24,yes
8/31/15,4:12,6:00,18:52,-0.3,no
8/31/15,16:33,6:00,18:52,-0.24,yes
9/1/15,5:01,6:01,18:51,-0.3,no
9/1/15,17:25,6:01,18:51,-0.18,yes
9/2/15,5:50,6:01,18:50,-0.27,no
9/2/15,18:18,6:01,18:50,-0.06,yes
9/3/15,6:40,6:02,18:48,-0.18,yes
9/3/15,19:14,6:03,18:47,0.06,no
9/4/15,7:34,6:03,18:47,-0.06,yes
9/4/15,20:13,6:03,18:46,0.18,no
9/5/15,8:32,6:03,18:46,0.03,yes
9/5/15,21:17,6:04,18:45,0.27,no
9/6/15,9:33,6:04,18:45,0.12,yes
9/6/15,22:22,6:04,18:43,0.3,no
9/7/15,10:35,6:04,18:43,0.15,yes
9/7/15,23:21,6:05,18:42,0.3,no
9/8/15,11:33,6:05,18:42,0.15,yes
9/9/15,0:14,6:06,18:41,0.27,no
9/9/15,12:25,6:06,18:41,0.15,yes
9/10/15,1:02,6:06,18:39,0.24,no
9/10/15,13:14,6:06,18:39,0.15,yes
9/11/15,1:45,6:07,18:38,0.21,no
9/11/15,13:59,6:07,18:38,0.12,yes
9/12/15,2:25,6:07,18:37,0.18,no
9/12/15,14:42,6:07,18:37,0.12,yes
9/13/15,3:03,6:08,18:36,0.15,no
9/13/15,15:23,6:08,18:36,0.15,yes
9/14/15,3:39,6:09,18:34,0.15,no
9/14/15,16:02,6:09,18:34,0.18,yes
9/15/15,4:14,6:09,18:33,0.18,no
9/15/15,16:40,6:09,18:33,0.21,yes
9/16/15,4:48,6:10,18:32,0.21,no
9/16/15,17:17,6:10,18:32,0.27,yes
9/17/15,5:23,6:10,18:30,0.24,no
9/17/15,17:56,6:11,18:29,0.34,yes
9/18/15,5:59,6:11,18:29,0.27,no
9/18/15,18:37,6:11,18:28,0.37,no
9/19/15,6:39,6:11,18:28,0.3,yes
9/19/15,19:24,6:12,18:27,0.43,no
9/20/15,7:26,6:12,18:27,0.34,yes
9/20/15,20:18,6:13,18:25,0.46,no
9/21/15,8:21,6:13,18:25,0.34,yes
9/21/15,21:19,6:13,18:24,0.43,no
9/22/15,9:24,6:13,18:24,0.3,yes
9/22/15,22:22,6:14,18:23,0.34,no
9/23/15,10:31,6:14,18:23,0.24,yes
9/23/15,23:22,6:14,18:21,0.21,no
9/24/15,11:35,6:14,18:21,0.12,yes
9/25/15,0:19,6:15,18:20,0.09,no
9/25/15,12:35,6:15,18:20,0,yes
9/26/15,1:13,6:16,18:19,-0.06,no
9/26/15,13:33,6:16,18:19,-0.09,yes
9/27/15,2:06,6:16,18:17,-0.18,no
9/27/15,14:29,6:16,18:17,-0.18,yes
9/28/15,2:57,6:17,18:16,-0.27,no
9/28/15,15:23,6:17,18:16,-0.21,yes
9/29/15,3:47,6:17,18:15,-0.3,no
9/29/15,16:16,6:17,18:15,-0.21,yes
9/30/15,4:37,6:18,18:14,-0.27,no
9/30/15,17:08,6:18,18:14,-0.12,yes
10/1/15,5:26,6:19,18:12,-0.21,no
10/1/15,18:00,6:19,18:12,-0.03,yes
10/2/15,6:16,6:19,18:11,-0.09,no
10/2/15,18:53,6:20,18:10,0.12,no
10/3/15,7:09,6:20,18:10,0.03,yes
10/3/15,19:50,6:21,18:09,0.24,no
10/4/15,8:06,6:21,18:09,0.18,yes
10/4/15,20:50,6:21,18:07,0.34,no
10/5/15,9:07,6:21,18:07,0.27,yes
10/5/15,21:53,6:22,18:06,0.4,no
10/6/15,10:09,6:22,18:06,0.3,yes
10/6/15,22:52,6:22,18:05,0.4,no
10/7/15,11:08,6:22,18:05,0.3,yes
10/7/15,23:43,6:23,18:04,0.37,no
10/8/15,12:00,6:23,18:04,0.27,yes
10/9/15,0:29,6:24,18:02,0.3,no
10/9/15,12:48,6:24,18:02,0.24,yes
10/10/15,1:11,6:24,18:01,0.27,no
10/10/15,13:33,6:24,18:01,0.21,yes
10/11/15,1:51,6:25,18:00,0.21,no
10/11/15,14:16,6:25,18:00,0.18,yes
10/12/15,2:28,6:26,17:59,0.18,no
10/12/15,14:57,6:26,17:59,0.18,yes
10/13/15,3:05,6:26,17:58,0.18,no
10/13/15,15:36,6:26,17:58,0.18,yes
10/14/15,3:41,6:27,17:56,0.18,no
10/14/15,16:15,6:27,17:56,0.21,yes
10/15/15,4:17,6:28,17:55,0.18,no
10/15/15,16:53,6:28,17:55,0.24,yes
10/16/15,4:54,6:29,17:54,0.21,no
10/16/15,17:32,6:29,17:54,0.27,yes
10/17/15,5:32,6:29,17:53,0.24,no
10/17/15,18:14,6:30,17:52,0.3,no
10/18/15,6:13,6:30,17:52,0.27,no
10/18/15,19:00,6:31,17:51,0.34,no
10/19/15,7:01,6:31,17:51,0.3,yes
10/19/15,19:52,6:31,17:50,0.37,no
10/20/15,7:56,6:31,17:50,0.34,yes
10/20/15,20:51,6:32,17:49,0.34,no
10/21/15,9:00,6:32,17:49,0.3,yes
10/21/15,21:54,6:33,17:48,0.27,no
10/22/15,10:09,6:33,17:48,0.24,yes
10/22/15,22:55,6:34,17:46,0.15,no
10/23/15,11:15,6:34,17:46,0.15,yes
10/23/15,23:53,6:34,17:45,0.03,no
10/24/15,12:17,6:34,17:45,0.03,yes
10/25/15,0:48,6:35,17:44,-0.12,no
10/25/15,13:16,6:35,17:44,-0.06,yes
10/26/15,1:41,6:36,17:43,-0.21,no
10/26/15,14:12,6:36,17:43,-0.15,yes
10/27/15,2:33,6:37,17:42,-0.27,no
10/27/15,15:06,6:37,17:42,-0.18,yes
10/28/15,3:24,6:37,17:41,-0.3,no
10/28/15,15:59,6:37,17:41,-0.18,yes
10/29/15,4:14,6:38,17:41,-0.27,no
10/29/15,16:50,6:38,17:41,-0.12,yes
10/30/15,5:03,6:39,17:40,-0.18,no
10/30/15,17:40,6:39,17:40,-0.03,no
10/31/15,5:52,6:40,17:39,-0.06,no
10/31/15,18:30,6:40,17:39,0.12,no
11/1/15,5:43,6:40,17:38,0.09,no
11/1/15,18:21,6:41,17:37,0.24,no
11/2/15,6:36,6:41,17:37,0.21,no
11/2/15,19:16,6:42,17:36,0.34,no
11/3/15,7:33,6:42,17:36,0.34,yes
11/3/15,20:14,6:43,17:35,0.4,no
11/4/15,8:34,6:43,17:35,0.4,yes
11/4/15,21:11,6:44,17:34,0.4,no
11/5/15,9:34,6:44,17:34,0.4,yes
11/5/15,22:03,6:45,17:34,0.37,no
11/6/15,10:29,6:45,17:34,0.37,yes
11/6/15,22:50,6:45,17:33,0.3,no
11/7/15,11:18,6:45,17:33,0.3,yes
11/7/15,23:32,6:46,17:32,0.24,no
11/8/15,12:04,6:46,17:32,0.24,yes
11/9/15,0:13,6:47,17:32,0.21,no
11/9/15,12:48,6:47,17:32,0.21,yes
11/10/15,0:53,6:48,17:31,0.15,no
11/10/15,13:30,6:48,17:31,0.15,yes
11/11/15,1:33,6:49,17:30,0.12,no
11/11/15,14:11,6:49,17:30,0.12,yes
11/12/15,2:12,6:50,17:30,0.12,no
11/12/15,14:51,6:50,17:30,0.12,yes
11/13/15,2:51,6:50,17:29,0.12,no
11/13/15,15:31,6:50,17:29,0.12,yes
11/14/15,3:30,6:51,17:28,0.12,no
11/14/15,16:12,6:51,17:28,0.15,yes
11/15/15,4:11,6:52,17:28,0.12,no
11/15/15,16:54,6:52,17:28,0.15,yes
11/16/15,4:54,6:53,17:27,0.15,no
11/16/15,17:40,6:54,17:27,0.18,no
11/17/15,5:42,6:54,17:27,0.18,no
11/17/15,18:31,6:55,17:26,0.18,no
11/18/15,6:38,6:55,17:26,0.21,no
11/18/15,19:27,6:56,17:26,0.18,no
11/19/15,7:41,6:56,17:26,0.24,yes
11/19/15,20:28,6:57,17:25,0.12,no
11/20/15,8:50,6:57,17:25,0.21,yes
11/20/15,21:30,6:57,17:25,0.03,no
11/21/15,9:58,6:57,17:25,0.12,yes
11/21/15,22:29,6:58,17:25,-0.06,no
11/22/15,11:01,6:58,17:25,0.03,yes
11/22/15,23:25,6:59,17:24,-0.18,no
11/23/15,12:01,6:59,17:24,-0.06,yes
11/24/15,0:19,7:00,17:24,-0.27,no
11/24/15,12:57,7:00,17:24,-0.15,yes
11/25/15,1:12,7:01,17:24,-0.3,no
11/25/15,13:50,7:01,17:24,-0.18,yes
11/26/15,2:03,7:02,17:23,-0.34,no
11/26/15,14:42,7:02,17:23,-0.18,yes
11/27/15,2:53,7:03,17:23,-0.27,no
11/27/15,15:31,7:03,17:23,-0.15,yes
11/28/15,3:41,7:03,17:23,-0.21,no
11/28/15,16:18,7:03,17:23,-0.06,yes
11/29/15,4:28,7:04,17:23,-0.09,no
11/29/15,17:04,7:04,17:23,0.03,yes
11/30/15,5:15,7:05,17:23,0.03,no
11/30/15,17:50,7:05,17:23,0.15,no
12/1/15,6:03,7:06,17:23,0.18,no
12/1/15,18:37,7:06,17:23,0.24,no
12/2/15,6:55,7:07,17:23,0.3,no
12/2/15,19:26,7:08,17:22,0.3,no
12/3/15,7:51,7:08,17:22,0.37,yes
12/3/15,20:19,7:08,17:22,0.34,no
12/4/15,8:50,7:08,17:22,0.4,yes
12/4/15,21:11,7:09,17:22,0.34,no
12/5/15,9:48,7:09,17:22,0.4,yes
12/5/15,22:02,7:10,17:22,0.27,no
12/6/15,10:41,7:10,17:22,0.34,yes
12/6/15,22:49,7:11,17:23,0.21,no
12/7/15,11:30,7:11,17:23,0.24,yes
12/7/15,23:34,7:11,17:23,0.15,no
12/8/15,12:17,7:11,17:23,0.18,yes
12/9/15,0:18,7:12,17:23,0.09,no
12/9/15,13:01,7:12,17:23,0.12,yes
12/10/15,1:02,7:13,17:23,0.03,no
12/10/15,13:45,7:13,17:23,0.06,yes
12/11/15,1:45,7:14,17:23,0,no
12/11/15,14:28,7:14,17:23,0,yes
12/12/15,2:28,7:14,17:23,-0.03,no
12/12/15,15:10,7:14,17:23,-0.03,yes
12/13/15,3:10,7:15,17:24,-0.06,no
12/13/15,15:53,7:15,17:24,-0.06,yes
12/14/15,3:54,7:16,17:24,-0.06,no
12/14/15,16:36,7:16,17:24,-0.06,yes
12/15/15,4:40,7:16,17:24,-0.03,no
12/15/15,17:22,7:16,17:24,-0.06,yes
12/16/15,5:28,7:17,17:24,0,no
12/16/15,18:11,7:17,17:24,-0.03,no
12/17/15,6:23,7:18,17:25,0.06,no
12/17/15,19:05,7:18,17:25,-0.03,no
12/18/15,7:24,7:18,17:25,0.09,yes
12/18/15,20:04,7:18,17:25,-0.06,no
12/19/15,8:32,7:19,17:26,0.12,yes
12/19/15,21:05,7:19,17:26,-0.09,no
12/20/15,9:41,7:19,17:26,0.09,yes
12/20/15,22:06,7:19,17:26,-0.15,no
12/21/15,10:46,7:20,17:27,0,yes
12/21/15,23:04,7:20,17:27,-0.21,no
12/22/15,11:46,7:21,17:27,-0.06,yes
12/23/15,0:00,7:21,17:27,-0.27,no
12/23/15,12:42,7:21,17:27,-0.12,yes
12/24/15,0:53,7:21,17:27,-0.3,no
12/24/15,13:35,7:22,17:28,-0.18,yes
12/25/15,1:45,7:22,17:28,-0.34,no
12/25/15,14:24,7:22,17:29,-0.18,yes
12/26/15,2:33,7:22,17:29,-0.3,no
12/26/15,15:11,7:22,17:29,-0.15,yes
12/27/15,3:20,7:22,17:29,-0.24,no
12/27/15,15:54,7:23,17:30,-0.12,yes
12/28/15,4:04,7:23,17:30,-0.15,no
12/28/15,16:36,7:23,17:30,-0.03,yes
12/29/15,4:47,7:23,17:30,-0.03,no
12/29/15,17:15,7:24,17:31,0.03,yes
12/30/15,5:30,7:24,17:31,0.09,no
12/30/15,17:55,7:24,17:32,0.12,no
12/31/15,6:15,7:24,17:32,0.21,no
12/31/15,18:36,7:24,17:32,0.18,no